"","gene","class"
"1","Kcnq5","early_up"
"2","Sema4c","early_up"
"3","Spats2l","early_up"
"4","Ica1l","early_up"
"5","1700039I01Rik","early_up"
"6","Tns1","early_up"
"7","Cdk5r2","early_up"
"8","Ptprn","early_up"
"9","Epha4","early_up"
"10","Sgpp2","early_up"
"11","Dock10","early_up"
"12","Gbx2","early_up"
"13","LOC102637806","early_up"
"14","Cdh20","early_up"
"15","Cntn2","early_up"
"16","Lrrn2","early_up"
"17","Lad1","early_up"
"18","Ptprc","early_up"
"19","Ankrd45","early_up"
"20","Lefty2","early_up"
"21","Pycr2","early_up"
"22","Esrrg","early_up"
"23","G0s2","early_up"
"24","Plxna2","early_up"
"25","Proser2","early_up"
"26","Gpsm1","early_up"
"27","Nek6","early_up"
"28","Tnfaip6","early_up"
"29","Chn1os3","early_up"
"30","Chn1","early_up"
"31","Hoxd13","early_up"
"32","Neurod1","early_up"
"33","Serping1","early_up"
"34","Lrrc55","early_up"
"35","Chst1","early_up"
"36","Trp53i11","early_up"
"37","Abtb2","early_up"
"38","Ryr3","early_up"
"39","Ncaph","early_up"
"40","Itpripl1","early_up"
"41","Fbln7","early_up"
"42","Plcb1","early_up"
"43","Fam110a","early_up"
"44","Slc52a3","early_up"
"45","Srxn1","early_up"
"46","Id1","early_up"
"47","Bcl2l1","early_up"
"48","Tm9sf4","early_up"
"49","Cnbd2","early_up"
"50","Emilin3","early_up"
"51","Gdap1l1","early_up"
"52","Pkig","early_up"
"53","Cd40","early_up"
"54","Snai1","early_up"
"55","Ptpn1","early_up"
"56","Sall4","early_up"
"57","Gm14261","early_up"
"58","Bmp7","early_up"
"59","Cldn11","early_up"
"60","Zfp267","early_up"
"61","Mgarp","early_up"
"62","Maml3","early_up"
"63","Schip1","early_up"
"64","Dchs2","early_up"
"65","Rhbg","early_up"
"66","Efna3","early_up"
"67","Kcnn3","early_up"
"68","She","early_up"
"69","Sema6c","early_up"
"70","BC028528","early_up"
"71","Car14","early_up"
"72","Igsf3","early_up"
"73","Wnt2b","early_up"
"74","AI504432","early_up"
"75","Slc6a17","early_up"
"76","Sort1","early_up"
"77","Palmd","early_up"
"78","Lef1","early_up"
"79","Ppp3ca","early_up"
"80","Pdlim5","early_up"
"81","Lyn","early_up"
"82","Tox","early_up"
"83","Gm11827","early_up"
"84","Epha7","early_up"
"85","Ankrd6","early_up"
"86","Srsf12","early_up"
"87","Atp8b5","early_up"
"88","Frrs1l","early_up"
"89","Pakap","early_up"
"90","Gng10","early_up"
"91","Hsdl2","early_up"
"92","Col27a1","early_up"
"93","Tnc","early_up"
"94","Jun","early_up"
"95","Cachd1","early_up"
"96","Lepr","early_up"
"97","Plpp3","early_up"
"98","Hpcal4","early_up"
"99","Fhl3","early_up"
"100","Phc2","early_up"
"101","Ptpru","early_up"
"102","Gale","early_up"
"103","Ece1","early_up"
"104","Gpr157","early_up"
"105","Mmp23","early_up"
"106","Fzd1","early_up"
"107","Cacna2d1","early_up"
"108","Ppp2r2c","early_up"
"109","Crmp1","early_up"
"110","Cd38","early_up"
"111","Tmem156","early_up"
"112","Klhl5","early_up"
"113","Limch1","early_up"
"114","Cplx1","early_up"
"115","Grk3","early_up"
"116","Wscd2","early_up"
"117","Srrm4","early_up"
"118","Lhx5","early_up"
"119","Sh2b3","early_up"
"120","Camkk2","early_up"
"121","Gm54294","early_up"
"122","Lfng","early_up"
"123","Tex26","early_up"
"124","Stard13","early_up"
"125","Cav2","early_up"
"126","Cped1","early_up"
"127","Tmem229a","early_up"
"128","Cyren","early_up"
"129","Klrg2","early_up"
"130","Fam221a","early_up"
"131","Creb5","early_up"
"132","Tril","early_up"
"133","Fam13a","early_up"
"134","Ndnf","early_up"
"135","Eva1a","early_up"
"136","Exoc6b","early_up"
"137","Slc41a3","early_up"
"138","Pdzrn3","early_up"
"139","Itpr1","early_up"
"140","Srgap3","early_up"
"141","Tmcc1","early_up"
"142","Foxj2","early_up"
"143","Ltbr","early_up"
"144","Tnfrsf1a","early_up"
"145","Plekhg6","early_up"
"146","Cd9","early_up"
"147","Ntf3","early_up"
"148","Kcna5","early_up"
"149","Kcna1","early_up"
"150","Borcs5","early_up"
"151","Myadm","early_up"
"152","Gipr","early_up"
"153","Ceacam10","early_up"
"154","Ceacam1","early_up"
"155","Tgfb1","early_up"
"156","Dll3","early_up"
"157","Timm50","early_up"
"158","Kcnc1","early_up"
"159","Ptpn5","early_up"
"160","Gm14377","early_up"
"161","Slc17a6","early_up"
"162","Gm44758","early_up"
"163","Sv2b","early_up"
"164","Mesp1","early_up"
"165","Mex3b","early_up"
"166","Tenm4","early_up"
"167","Pak1","early_up"
"168","Map6","early_up"
"169","Mical2","early_up"
"170","Xylt1","early_up"
"171","Syt17","early_up"
"172","Itpripl2","early_up"
"173","Tmc7","early_up"
"174","B230311B06Rik","early_up"
"175","Tmc5","early_up"
"176","Hs3st4","early_up"
"177","Il4ra","early_up"
"178","Tbx6","early_up"
"179","Rgs10","early_up"
"180","Nkx1-2","early_up"
"181","Ebf3","early_up"
"182","Gm45889","early_up"
"183","Cdkn1c","early_up"
"184","Tnfrsf22","early_up"
"185","Fgf3","early_up"
"186","Fgf4","early_up"
"187","Dlgap2","early_up"
"188","Htra4","early_up"
"189","Dlc1","early_up"
"190","Tbc1d9","early_up"
"191","Prdx2","early_up"
"192","Gpt2","early_up"
"193","Abcc12","early_up"
"194","Nod2","early_up"
"195","Cx3cl1","early_up"
"196","Vat1l","early_up"
"197","Cdyl2","early_up"
"198","Deup1","early_up"
"199","Kirrel3","early_up"
"200","Grik4","early_up"
"201","Dnaja4","early_up"
"202","Rcn2","early_up"
"203","Dennd4a","early_up"
"204","Spg21","early_up"
"205","Snx22","early_up"
"206","Usp3","early_up"
"207","Col12a1","early_up"
"208","Prss35","early_up"
"209","Pcolce2","early_up"
"210","Foxl2os","early_up"
"211","Foxl2","early_up"
"212","Atp2c1","early_up"
"213","Inka1","early_up"
"214","Lama4","early_up"
"215","Cep85l","early_up"
"216","Fabp7","early_up"
"217","Smpdl3a","early_up"
"218","Adamts14","early_up"
"219","Lrrc20","early_up"
"220","Stox1","early_up"
"221","A930033H14Rik","early_up"
"222","Gstt1","early_up"
"223","Fgf22","early_up"
"224","Tbxa2r","early_up"
"225","Nfic","early_up"
"226","Appl2","early_up"
"227","Nuak1","early_up"
"228","Kitl","early_up"
"229","Lgr5","early_up"
"230","Ptprb","early_up"
"231","Myrfl","early_up"
"232","Otx1","early_up"
"233","Ebf1","early_up"
"234","Adam19","early_up"
"235","Adamts2","early_up"
"236","Rasd1","early_up"
"237","Myo15a","early_up"
"238","Hs3st3b1","early_up"
"239","9130213A22Rik","early_up"
"240","Hes7","early_up"
"241","Wscd1","early_up"
"242","Nxn","early_up"
"243","Cdk5r1","early_up"
"244","Gm51910","early_up"
"245","Mmp28","early_up"
"246","Dusp14","early_up"
"247","Lhx1os","early_up"
"248","Abcc3","early_up"
"249","Epn3","early_up"
"250","Nxph3","early_up"
"251","Tns4","early_up"
"252","Rprml","early_up"
"253","Smarcd2","early_up"
"254","Prkca","early_up"
"255","Abca5","early_up"
"256","Cdc42ep4","early_up"
"257","Kif19a","early_up"
"258","Btbd17","early_up"
"259","Gprc5c","early_up"
"260","Grin2c","early_up"
"261","Fdxr","early_up"
"262","Slc16a5","early_up"
"263","Cygb","early_up"
"264","Prcd","early_up"
"265","Sec14l1","early_up"
"266","Rbfox3","early_up"
"267","Adcy3","early_up"
"268","Myt1l","early_up"
"269","Nfkbia","early_up"
"270","Gm527","early_up"
"271","Trim9","early_up"
"272","Dact1","early_up"
"273","Prkch","early_up"
"274","Ccdc177","early_up"
"275","Susd6","early_up"
"276","Smoc1","early_up"
"277","Irf2bpl","early_up"
"278","Ckb","early_up"
"279","Agtr1a","early_up"
"280","Slc22a23","early_up"
"281","Pxdc1","early_up"
"282","Gfod1","early_up"
"283","Gmpr","early_up"
"284","Id4","early_up"
"285","Cplx2","early_up"
"286","Sncb","early_up"
"287","Eif4e1b","early_up"
"288","Tspan17","early_up"
"289","Gas1","early_up"
"290","Fbp1","early_up"
"291","Slc35d2","early_up"
"292","Irx2","early_up"
"293","Rhobtb3","early_up"
"294","Mir9-2hg","early_up"
"295","F2r","early_up"
"296","Mast4","early_up"
"297","Zswim6","early_up"
"298","Il6st","early_up"
"299","Itga1","early_up"
"300","Kctd6","early_up"
"301","Gng2","early_up"
"302","Kcnma1","early_up"
"303","Anxa11","early_up"
"304","Wnt5a","early_up"
"305","Ddhd1","early_up"
"306","Atp12a","early_up"
"307","Dpysl2","early_up"
"308","9930012K11Rik","early_up"
"309","Pdlim2","early_up"
"310","Sorbs3","early_up"
"311","Lpar6","early_up"
"312","Dgkh","early_up"
"313","Pcdh9","early_up"
"314","Dach1","early_up"
"315","Slitrk1","early_up"
"316","LOC102634078","early_up"
"317","Klf10","early_up"
"318","Rspo2","early_up"
"319","Ccn3","early_up"
"320","Kifc2","early_up"
"321","Foxh1","early_up"
"322","Elfn2","early_up"
"323","Cdc42ep1","early_up"
"324","Sh3bp1","early_up"
"325","Mgat3","early_up"
"326","Cacna1i","early_up"
"327","Mchr1","early_up"
"328","A4galt","early_up"
"329","Phf21b","early_up"
"330","Prickle1","early_up"
"331","Adamts20","early_up"
"332","Dbx2","early_up"
"333","Nckap5l","early_up"
"334","Gm53912","early_up"
"335","Vasn","early_up"
"336","Shisa9","early_up"
"337","Cldn5","early_up"
"338","Heg1","early_up"
"339","Phldb2","early_up"
"340","Alcam","early_up"
"341","D16Ertd472e","early_up"
"342","Slc5a3","early_up"
"343","Dop1b","early_up"
"344","Thbs2","early_up"
"345","Dll1","early_up"
"346","Prss22","early_up"
"347","Pacsin1","early_up"
"348","Notch4","early_up"
"349","Ppt2","early_up"
"350","Fkbpl","early_up"
"351","Ddr1","early_up"
"352","Zfp57","early_up"
"353","Rftn1","early_up"
"354","Plin3","early_up"
"355","Emilin2","early_up"
"356","Galnt14","early_up"
"357","Epas1","early_up"
"358","Gm31499","early_up"
"359","Odad2","early_up"
"360","Cables1","early_up"
"361","Galnt1","early_up"
"362","Gm3227","early_up"
"363","Sting1","early_up"
"364","Trim36","early_up"
"365","Ticam2","early_up"
"366","Cdo1","early_up"
"367","Snx24","early_up"
"368","Ppic","early_up"
"369","Mro","early_up"
"370","Dipk1c","early_up"
"371","Unc93b1","early_up"
"372","Rin1","early_up"
"373","Cnih2","early_up"
"374","Gna14","early_up"
"375","Apba1","early_up"
"376","Jak2","early_up"
"377","Rln1","early_up"
"378","Ankrd1","early_up"
"379","Lbx1","early_up"
"380","Gm30234","early_up"
"381","Adra2a","early_up"
"382","Dock11","early_up"
"383","Il13ra1","early_up"
"384","Sowahd","early_up"
"385","Hprt1","early_up"
"386","Dusp9","early_up"
"387","Slc6a8","early_up"
"388","Efnb1","early_up"
"389","Eda","early_up"
"390","Tceal6","early_up"
"391","Tceal1","early_up"
"392","Pwwp3b","early_up"
"393","Chrdl1","early_up"
"394","Rai2","early_up"
"395","Nhs","early_up"
"396","Sgk3","early_down"
"397","Slc40a1","early_down"
"398","2810459M11Rik","early_down"
"399","B3gnt7","early_down"
"400","Per2","early_down"
"401","Steap3","early_down"
"402","Dpp10","early_down"
"403","Tdrd5","early_down"
"404","Brinp2","early_down"
"405","Ccdc181","early_down"
"406","Nectin4","early_down"
"407","Sertad4","early_down"
"408","Gm39746","early_down"
"409","Irf6","early_down"
"410","Arrdc1","early_down"
"411","Rnf208","early_down"
"412","Gm31291","early_down"
"413","Rif1","early_down"
"414","Rprm","early_down"
"415","Gca","early_down"
"416","Grb14","early_down"
"417","Frzb","early_down"
"418","Large2","early_down"
"419","Wt1","early_down"
"420","Slc12a6","early_down"
"421","Spint1","early_down"
"422","Tmem62","early_down"
"423","Ell3","early_down"
"424","Shc4","early_down"
"425","Bmp2","early_down"
"426","Ralgapa2","early_down"
"427","Zfp1005","early_down"
"428","Snph","early_down"
"429","Tmem74b","early_down"
"430","Trib3","early_down"
"431","Chd6","early_down"
"432","Kcnb1","early_down"
"433","Pard6b","early_down"
"434","Rbbp8nl","early_down"
"435","Tpd52","early_down"
"436","Chmp4c","early_down"
"437","Hps3","early_down"
"438","Hltf","early_down"
"439","Gpr160","early_down"
"440","Larp1b","early_down"
"441","Foxo1","early_down"
"442","P2ry1","early_down"
"443","Rab25","early_down"
"444","Bnipl","early_down"
"445","Fmo5","early_down"
"446","Mov10","early_down"
"447","Cimap3","early_down"
"448","Gstm1","early_down"
"449","1810037I17Rik","early_down"
"450","Usp53","early_down"
"451","Gm51018","early_down"
"452","Pla2g12a","early_down"
"453","Bdh2","early_down"
"454","Manba","early_down"
"455","Gbp2b","early_down"
"456","Gm35066","early_down"
"457","Slc44a5","early_down"
"458","Penk","early_down"
"459","Shb","early_down"
"460","Bspry","early_down"
"461","Kdm4c","early_down"
"462","Lurap1l","early_down"
"463","Zdhhc21","early_down"
"464","Hook1","early_down"
"465","L1td1","early_down"
"466","Dnajc6","early_down"
"467","Zyg11a","early_down"
"468","Slc2a1","early_down"
"469","Gm12867","early_down"
"470","Rimkla","early_down"
"471","Grik3","early_down"
"472","Ago1","early_down"
"473","Crybg2","early_down"
"474","Nipal3","early_down"
"475","Ubxn10","early_down"
"476","Slc25a33","early_down"
"477","Acot7","early_down"
"478","Gm13648","early_down"
"479","Magi2","early_down"
"480","Ccdc121","early_down"
"481","Dok7","early_down"
"482","Ldb2","early_down"
"483","Rassf6","early_down"
"484","Parm1","early_down"
"485","Gm42111","early_down"
"486","Klhl8","early_down"
"487","Hsd17b11","early_down"
"488","Spp1","early_down"
"489","Gm35315","early_down"
"490","Galnt9","early_down"
"491","2900026A02Rik","early_down"
"492","Oasl2","early_down"
"493","Vsig10","early_down"
"494","Oas1c","early_down"
"495","Castor2","early_down"
"496","Ssc4d","early_down"
"497","Muc3a","early_down"
"498","Fam20c","early_down"
"499","Pdgfa","early_down"
"500","Tmem184a","early_down"
"501","Elfn1","early_down"
"502","Nptx2","early_down"
"503","Samd9l","early_down"
"504","Ppp1r9a","early_down"
"505","Thsd7a","early_down"
"506","Gpr85","early_down"
"507","Foxp2","early_down"
"508","Tspan33","early_down"
"509","Parp12","early_down"
"510","Mkrn1","early_down"
"511","Epha1","early_down"
"512","Cntnap2","early_down"
"513","Jazf1","early_down"
"514","Herc6","early_down"
"515","Herc3","early_down"
"516","Lrrtm4","early_down"
"517","Nat8f4","early_down"
"518","2610306M01Rik","early_down"
"519","Klf15","early_down"
"520","Tafa4","early_down"
"521","Atp2b2","early_down"
"522","Hrh1","early_down"
"523","Cxcl12","early_down"
"524","Gm53339","early_down"
"525","Bid","early_down"
"526","Nanog","early_down"
"527","Slc2a3","early_down"
"528","Vamp1","early_down"
"529","Rerg","early_down"
"530","Mgst1","early_down"
"531","Dennd5b","early_down"
"532","Etfbkmt","early_down"
"533","Resf1","early_down"
"534","Bicd1","early_down"
"535","Syt5","early_down"
"536","Zfp667","early_down"
"537","Hif3a","early_down"
"538","Klc3","early_down"
"539","Gm50477","early_down"
"540","Dedd2","early_down"
"541","Acp7","early_down"
"542","Gm51446","early_down"
"543","Spred3","early_down"
"544","Syne4","early_down"
"545","Kirrel2","early_down"
"546","Nphs1","early_down"
"547","Nphs1os","early_down"
"548","Atp4a","early_down"
"549","Rhpn2","early_down"
"550","Myh14","early_down"
"551","Plekha4","early_down"
"552","Snhg14","early_down"
"553","Snord107","early_down"
"554","Magel2","early_down"
"555","AU020206","early_down"
"556","Mesp2","early_down"
"557","Slc28a1","early_down"
"558","Whamm","early_down"
"559","Plekhb1","early_down"
"560","Clpb","early_down"
"561","Trim12c","early_down"
"562","Arfip2","early_down"
"563","Ppfibp2","early_down"
"564","Plekha1","early_down"
"565","Ano9","early_down"
"566","Pnpla2","early_down"
"567","Brsk2","early_down"
"568","Camsap3","early_down"
"569","Atp7b","early_down"
"570","Plekha2","early_down"
"571","Rab11fip1","early_down"
"572","Mtmr7","early_down"
"573","Fat1","early_down"
"574","Sorbs2","early_down"
"575","Clcn3","early_down"
"576","Pbx4","early_down"
"577","Bst2","early_down"
"578","Fcho1","early_down"
"579","Nwd1","early_down"
"580","Gm29895","early_down"
"581","Mt2","early_down"
"582","Pllp","early_down"
"583","Gm39272","early_down"
"584","Trim67","early_down"
"585","Gm39294","early_down"
"586","Vwa5a","early_down"
"587","Usp2","early_down"
"588","Mpzl2","early_down"
"589","Tmprss13","early_down"
"590","Slc35f2","early_down"
"591","Acsbg1","early_down"
"592","Cyp11a1","early_down"
"593","Pml","early_down"
"594","LOC115487221","early_down"
"595","Rbpms2","early_down"
"596","Aph1c","early_down"
"597","Foxb1","early_down"
"598","Scg3","early_down"
"599","Pls1","early_down"
"600","Mapkapk3","early_down"
"601","Zmynd10","early_down"
"602","Sema3b","early_down"
"603","Gpd1l","early_down"
"604","Oxsr1","early_down"
"605","Rgs17","early_down"
"606","Shprh","early_down"
"607","Arfgef3","early_down"
"608","Myb","early_down"
"609","Sgk1","early_down"
"610","Stx7","early_down"
"611","Ostm1","early_down"
"612","Bend3","early_down"
"613","Lin28b","early_down"
"614","Nodal","early_down"
"615","Aifm2","early_down"
"616","Tet1","early_down"
"617","Cbarp","early_down"
"618","Sycp3","early_down"
"619","Gas2l3","early_down"
"620","Plxnc1","early_down"
"621","Rab3ip","early_down"
"622","Cyp27b1","early_down"
"623","Lif","early_down"
"624","Camk2b","early_down"
"625","Zmiz2","early_down"
"626","Cobl","early_down"
"627","Gm46277","early_down"
"628","Irgm1","early_down"
"629","Irf1","early_down"
"630","Gm51897","early_down"
"631","Shisa6","early_down"
"632","Usp43","early_down"
"633","Slc25a35","early_down"
"634","Chd3","early_down"
"635","Sox15","early_down"
"636","Slc16a11","early_down"
"637","Slc16a13","early_down"
"638","Sgsm2","early_down"
"639","Doc2b","early_down"
"640","Pipox","early_down"
"641","Srcin1","early_down"
"642","Grb7","early_down"
"643","Hap1","early_down"
"644","Jup","early_down"
"645","Ifi35","early_down"
"646","Dusp3","early_down"
"647","Rundc3a","early_down"
"648","Itgb4","early_down"
"649","Socs3","early_down"
"650","Itsn2","early_down"
"651","Lratd1","early_down"
"652","Cmpk2","early_down"
"653","Arl4a","early_down"
"654","Nrcam","early_down"
"655","Map3k9","early_down"
"656","Ism2","early_down"
"657","Eml5","early_down"
"658","Ccdc88c","early_down"
"659","Ppp4r4","early_down"
"660","Syne3","early_down"
"661","Rian","early_down"
"662","AF357359","early_down"
"663","Sp8","early_down"
"664","Phactr1","early_down"
"665","Nol7","early_down"
"666","Aopep","early_down"
"667","Zfp459","early_down"
"668","Erap1","early_down"
"669","Adamts6","early_down"
"670","Elovl7","early_down"
"671","Lrrc18","early_down"
"672","Gch1","early_down"
"673","Zfhx2","early_down"
"674","Parp4","early_down"
"675","Kif13b","early_down"
"676","Nuggc","early_down"
"677","Nkx3-1","early_down"
"678","Dmtn","early_down"
"679","Zic5","early_down"
"680","Fgf14","early_down"
"681","Slc1a3","early_down"
"682","Dnajc21","early_down"
"683","Myo10","early_down"
"684","Fbxo43","early_down"
"685","Snx31","early_down"
"686","Dpys","early_down"
"687","Mtss1","early_down"
"688","Lratd2","early_down"
"689","Grina","early_down"
"690","Cbx7","early_down"
"691","Fam83f","early_down"
"692","Tbrg3","early_down"
"693","Bik","early_down"
"694","Arhgap8","early_down"
"695","Smagp","early_down"
"696","Krt18","early_down"
"697","Mpv17l","early_down"
"698","Bmerb1","early_down"
"699","Aifm3","early_down"
"700","Lmln","early_down"
"701","Parp9","early_down"
"702","Ildr1","early_down"
"703","Zdhhc23","early_down"
"704","Sh3bgr","early_down"
"705","Synj2","early_down"
"706","Prkn","early_down"
"707","Zfp960","early_down"
"708","Cldn6","early_down"
"709","Kremen2","early_down"
"710","Syngr3","early_down"
"711","Baiap3","early_down"
"712","Mcrip2","early_down"
"713","Scube3","early_down"
"714","AA388235","early_down"
"715","Enpp5","early_down"
"716","Slc25a23","early_down"
"717","Cdc42ep3","early_down"
"718","Kcng3","early_down"
"719","Reep2","early_down"
"720","Egr1","early_down"
"721","Gm29417","early_down"
"722","Diaph1","early_down"
"723","Pcdh1","early_down"
"724","Gm30321","early_down"
"725","Cpt1a","early_down"
"726","Tesmin","early_down"
"727","Pygm","early_down"
"728","Pip5k1b","early_down"
"729","Dmrt1","early_down"
"730","Slc35g1","early_down"
"731","Gm26644","early_down"
"732","Pdzd7","early_down"
"733","Fgf8","early_down"
"734","Eras","early_down"
"735","Slc9a7","early_down"
"736","Firre","early_down"
"737","Mir363","early_down"
"738","Zfp36l3","early_down"
"739","Xlr","early_down"
"740","Smim10l2a","early_down"
"741","Mtm1","early_down"
"742","Prrg3","early_down"
"743","Nap1l2","early_down"
"744","Ftx","early_down"
"745","Lpar4","early_down"
"746","Trmt2b","early_down"
"747","Dcx","early_down"
"748","Shroom2","early_down"
"749","Gpm6b","early_down"
"750","Eya1","late_up"
"751","Kcnb2","late_up"
"752","Rdh10","late_up"
"753","Bend6","late_up"
"754","Chst10","late_up"
"755","Col3a1","late_up"
"756","Col5a2","late_up"
"757","Hecw2","late_up"
"758","Idh1","late_up"
"759","Myl1","late_up"
"760","Tmem169","late_up"
"761","Pax3","late_up"
"762","Pam","late_up"
"763","Gm53575","late_up"
"764","Tnni1","late_up"
"765","Rgl1","late_up"
"766","Cacna1e","late_up"
"767","Fam163a","late_up"
"768","Prrx1","late_up"
"769","Cd247","late_up"
"770","Olfml2b","late_up"
"771","Cadm3","late_up"
"772","Pld5","late_up"
"773","Itpkb","late_up"
"774","Stum","late_up"
"775","Tgfb2","late_up"
"776","Hhat","late_up"
"777","Gata3","late_up"
"778","Itih5","late_up"
"779","Ntng2","late_up"
"780","6530402F18Rik","late_up"
"781","Prrx2","late_up"
"782","Ptges","late_up"
"783","Cd302","late_up"
"784","Rbms1","late_up"
"785","Itga4","late_up"
"786","Ube2l6","late_up"
"787","Chrm4","late_up"
"788","Alx4","late_up"
"789","Gm13889","late_up"
"790","Cd44","late_up"
"791","Cd59b","late_up"
"792","Pax6","late_up"
"793","Ano3","late_up"
"794","Bmf","late_up"
"795","Fbn1","late_up"
"796","Kcnip3","late_up"
"797","Nphp1","late_up"
"798","Cpxm1","late_up"
"799","Pak5","late_up"
"800","Slc24a3","late_up"
"801","Tcf15","late_up"
"802","Cox4i2","late_up"
"803","D630003M21Rik","late_up"
"804","Mafb","late_up"
"805","Jph2","late_up"
"806","Mmp9","late_up"
"807","Tshz2","late_up"
"808","Lsm14b","late_up"
"809","Gata5","late_up"
"810","Stmn3","late_up"
"811","Stmn2","late_up"
"812","Hey1","late_up"
"813","Car3","late_up"
"814","Pld1","late_up"
"815","Gnb4","late_up"
"816","Smad9","late_up"
"817","Lxn","late_up"
"818","Gucy1a1","late_up"
"819","S100a13","late_up"
"820","Selenbp1","late_up"
"821","Slc22a15","late_up"
"822","Tspan2","late_up"
"823","Inka2","late_up"
"824","Alx3","late_up"
"825","Csf1","late_up"
"826","Gstm5","late_up"
"827","Vav3","late_up"
"828","S1pr1","late_up"
"829","Arsj","late_up"
"830","Col25a1","late_up"
"831","Unc5c","late_up"
"832","Col24a1","late_up"
"833","Lpar3","late_up"
"834","Ptgfr","late_up"
"835","Cryz","late_up"
"836","Gdf6","late_up"
"837","Il11ra1","late_up"
"838","Rusc2","late_up"
"839","Npr2","late_up"
"840","Reck","late_up"
"841","Glipr2","late_up"
"842","Pax5","late_up"
"843","Fbxo10","late_up"
"844","Tmod1","late_up"
"845","Gabbr2","late_up"
"846","Grin3a","late_up"
"847","Abca1","late_up"
"848","Klf4","late_up"
"849","Svep1","late_up"
"850","Pappa","late_up"
"851","Plin2","late_up"
"852","Mllt3","late_up"
"853","Cdkn2a","late_up"
"854","Cdkn2b","late_up"
"855","Nfia","late_up"
"856","Cdcp2","late_up"
"857","Glis1","late_up"
"858","Cdkn2c","late_up"
"859","Trabd2b","late_up"
"860","Tal1","late_up"
"861","Cyp4x1","late_up"
"862","Mob3c","late_up"
"863","Slc6a9","late_up"
"864","Ccdc24","late_up"
"865","P3h1","late_up"
"866","Foxo6","late_up"
"867","Col9a2","late_up"
"868","Sdc3","late_up"
"869","Map3k6","late_up"
"870","Trnp1","late_up"
"871","Man1c1","late_up"
"872","Camk2n1","late_up"
"873","Igsf21","late_up"
"874","Mfap2","late_up"
"875","Kcnab2","late_up"
"876","5930403L14Rik","late_up"
"877","Klhl17","late_up"
"878","Smarcd3","late_up"
"879","Gm9899","late_up"
"880","Kcnk3","late_up"
"881","Emilin1","late_up"
"882","Fgfr3","late_up"
"883","Cpz","late_up"
"884","Stk32b","late_up"
"885","Fam114a1","late_up"
"886","Kdr","late_up"
"887","Adgrl3","late_up"
"888","Adamts3","late_up"
"889","Shroom3","late_up"
"890","Antxr2","late_up"
"891","Gpat3","late_up"
"892","Sparcl1","late_up"
"893","Ttc28","late_up"
"894","Svop","late_up"
"895","Mvk","late_up"
"896","Cfap251","late_up"
"897","Stx2","late_up"
"898","Galnt17","late_up"
"899","Stx1a","late_up"
"900","Col26a1","late_up"
"901","Prkar1b","late_up"
"902","Micall2","late_up"
"903","Radil","late_up"
"904","Mmd2","late_up"
"905","Peg10","late_up"
"906","Cav1","late_up"
"907","Prrt4","late_up"
"908","Kcp","late_up"
"909","Strip2","late_up"
"910","Cpa2","late_up"
"911","Cald1","late_up"
"912","Creb3l2","late_up"
"913","Hoxa1","late_up"
"914","Hotairm1","late_up"
"915","Hoxa2","late_up"
"916","Reep1","late_up"
"917","St3gal5","late_up"
"918","Atoh8","late_up"
"919","Tcf7l1","late_up"
"920","Tmsb10","late_up"
"921","Ttll3","late_up"
"922","Zfp9","late_up"
"923","Usp18","late_up"
"924","Tspan9","late_up"
"925","BC035044","late_up"
"926","Slco1c1","late_up"
"927","St8sia1","late_up"
"928","Sox5","late_up"
"929","Zfp28","late_up"
"930","Mypop","late_up"
"931","Zfp61","late_up"
"932","Etv2","late_up"
"933","Tshz3","late_up"
"934","Emp3","late_up"
"935","Ndn","late_up"
"936","Peg12","late_up"
"937","Adamts17","late_up"
"938","Synm","late_up"
"939","Nr2f2","late_up"
"940","Ntrk3","late_up"
"941","5430400D12Rik","late_up"
"942","Arpin","late_up"
"943","Fes","late_up"
"944","Zscan2","late_up"
"945","Alpk3","late_up"
"946","Pde8a","late_up"
"947","Nox4","late_up"
"948","Fzd4","late_up"
"949","Gab2","late_up"
"950","Alg8","late_up"
"951","Trim68","late_up"
"952","Dkk3","late_up"
"953","Parva","late_up"
"954","Sox6","late_up"
"955","Zfp768","late_up"
"956","Tgfb1i1","late_up"
"957","Tcerg1l","late_up"
"958","Adam8","late_up"
"959","Ifitm1","late_up"
"960","Lsp1","late_up"
"961","H19","late_up"
"962","Igf2","late_up"
"963","Igf2os","late_up"
"964","Efnb2","late_up"
"965","Myo16","late_up"
"966","Rasa3","late_up"
"967","Csmd1","late_up"
"968","Ank1","late_up"
"969","Sfrp1","late_up"
"970","Mfhas1","late_up"
"971","Vegfc","late_up"
"972","Hand2os1","late_up"
"973","Hand2","late_up"
"974","Spock3","late_up"
"975","Msmo1","late_up"
"976","Ap1m1","late_up"
"977","Ednra","late_up"
"978","Zfp423","late_up"
"979","Nkd1","late_up"
"980","Mmp2","late_up"
"981","Ces1c","late_up"
"982","Cpne2","late_up"
"983","Ccdc102a","late_up"
"984","Adgrg5","late_up"
"985","Spmip8","late_up"
"986","Zfp319","late_up"
"987","Cdh8","late_up"
"988","Tradd","late_up"
"989","Slc9a5","late_up"
"990","Plekhg4","late_up"
"991","Tppp3","late_up"
"992","Smpd3","late_up"
"993","Gm34675","late_up"
"994","St3gal2","late_up"
"995","Fendrr","late_up"
"996","Foxf1","late_up"
"997","Foxc2","late_up"
"998","Mvd","late_up"
"999","Naalad2","late_up"
"1000","Bmper","late_up"
"1001","Ntm","late_up"
"1002","Fli1","late_up"
"1003","Pknox2","late_up"
"1004","Thy1","late_up"
"1005","Abcg4","late_up"
"1006","C2cd2l","late_up"
"1007","Nxpe4","late_up"
"1008","Layn","late_up"
"1009","Crabp1","late_up"
"1010","Stra6","late_up"
"1011","Insyn1","late_up"
"1012","Smad6","late_up"
"1013","Anxa2","late_up"
"1014","Aldh1a2","late_up"
"1015","Myzap","late_up"
"1016","Hmgn3","late_up"
"1017","Tbx18","late_up"
"1018","Rasgrf1","late_up"
"1019","Adamts7","late_up"
"1020","Pxylp1","late_up"
"1021","Mras","late_up"
"1022","Ppp2r3a","late_up"
"1023","Tmem108","late_up"
"1024","Gadl1","late_up"
"1025","Rbms3","late_up"
"1026","Slc2a12","late_up"
"1027","Arg1","late_up"
"1028","Tspyl4","late_up"
"1029","Sobp","late_up"
"1030","Bves","late_up"
"1031","Sim1","late_up"
"1032","Chst3","late_up"
"1033","Lrrtm3","late_up"
"1034","Zfp365","late_up"
"1035","Rab36","late_up"
"1036","Susd2","late_up"
"1037","Col6a2","late_up"
"1038","Col6a1","late_up"
"1039","Syde1","late_up"
"1040","Plppr3","late_up"
"1041","Cnn2","late_up"
"1042","Hcfc2","late_up"
"1043","Abtb3","late_up"
"1044","Elk3","late_up"
"1045","Alx1","late_up"
"1046","Csrp2","late_up"
"1047","Phlda1","late_up"
"1048","Hmga2","late_up"
"1049","Msrb3","late_up"
"1050","Wif1","late_up"
"1051","Tafa2","late_up"
"1052","Lrp1","late_up"
"1053","Adcy1","late_up"
"1054","Meis1","late_up"
"1055","Kcnmb1","late_up"
"1056","Tenm2","late_up"
"1057","Pdlim4","late_up"
"1058","Gpx3","late_up"
"1059","Anxa6","late_up"
"1060","Sap30l","late_up"
"1061","Hand1","late_up"
"1062","Gm32915","late_up"
"1063","Gm12250","late_up"
"1064","Mfap4","late_up"
"1065","Pmp22","late_up"
"1066","Arhgap44","late_up"
"1067","Myocd","late_up"
"1068","Gm30586","late_up"
"1069","Gm12295","late_up"
"1070","Arhgef15","late_up"
"1071","Gm32273","late_up"
"1072","Gp1ba","late_up"
"1073","6330403K07Rik","late_up"
"1074","Serpinf1","late_up"
"1075","Rhbdl3","late_up"
"1076","Tmem132e","late_up"
"1077","Ypel2","late_up"
"1078","Ppp1r9b","late_up"
"1079","Hoxb3","late_up"
"1080","Hoxb4","late_up"
"1081","Hoxb3os","late_up"
"1082","Hoxb2","late_up"
"1083","Hoxb1","late_up"
"1084","Copz2","late_up"
"1085","Plekhh3","late_up"
"1086","Wnk4","late_up"
"1087","Cacng4","late_up"
"1088","Abca9","late_up"
"1089","Map2k6","late_up"
"1090","Sox9","late_up"
"1091","Sdk2","late_up"
"1092","Timp2","late_up"
"1093","Cbx8","late_up"
"1094","Cbx4","late_up"
"1095","Klhl29","late_up"
"1096","2810032G03Rik","late_up"
"1097","Osr1","late_up"
"1098","Meox2","late_up"
"1099","Coch","late_up"
"1100","Akap6","late_up"
"1101","Pygl","late_up"
"1102","Rtn1","late_up"
"1103","Rhoj","late_up"
"1104","Jdp2","late_up"
"1105","Chga","late_up"
"1106","Begain","late_up"
"1107","Tnfaip2","late_up"
"1108","Ppp1r13b","late_up"
"1109","Tdrd9","late_up"
"1110","Nid1","late_up"
"1111","Gpld1","late_up"
"1112","Serpinb9","late_up"
"1113","Nrn1","late_up"
"1114","Rnf182","late_up"
"1115","Atxn1","late_up"
"1116","Rbm24","late_up"
"1117","Gadd45g","late_up"
"1118","Nfil3","late_up"
"1119","Dok3","late_up"
"1120","Pitx1","late_up"
"1121","Macroh2a1","late_up"
"1122","Tgfbi","late_up"
"1123","Nr2f1","late_up"
"1124","Lhfpl2","late_up"
"1125","Pde8b","late_up"
"1126","Gm41025","late_up"
"1127","Plpp1","late_up"
"1128","Isl1","late_up"
"1129","Fgf10","late_up"
"1130","Nim1k","late_up"
"1131","Cadps","late_up"
"1132","3425401B19Rik","late_up"
"1133","Grid1","late_up"
"1134","Carmil3","late_up"
"1135","Adcy4","late_up"
"1136","Shisa2","late_up"
"1137","Gm4285","late_up"
"1138","Olfm4","late_up"
"1139","Gm32498","late_up"
"1140","Pcdh17","late_up"
"1141","Dzip1","late_up"
"1142","Adamts12","late_up"
"1143","Npr3","late_up"
"1144","Ropn1l","late_up"
"1145","Sdc2","late_up"
"1146","Cpq","late_up"
"1147","Laptm4b","late_up"
"1148","Zfpm2","late_up"
"1149","Col14a1","late_up"
"1150","Has2","late_up"
"1151","Zhx1","late_up"
"1152","Baiap2l2","late_up"
"1153","Scube1","late_up"
"1154","Slc2a13","late_up"
"1155","Cntn1","late_up"
"1156","Tuba1a","late_up"
"1157","Acvrl1","late_up"
"1158","Ppp1r1a","late_up"
"1159","Emp2","late_up"
"1160","Scarf2","late_up"
"1161","Tbx1","late_up"
"1162","Fam131a","late_up"
"1163","Kalrn","late_up"
"1164","Sema5b","late_up"
"1165","Adprh","late_up"
"1166","Arhgap31","late_up"
"1167","Igsf11","late_up"
"1168","Robo2","late_up"
"1169","Jam2","late_up"
"1170","Kcnj6","late_up"
"1171","Ets2","late_up"
"1172","C2cd2","late_up"
"1173","Wfikkn1","late_up"
"1174","Mdga1","late_up"
"1175","Ager","late_up"
"1176","Runx2","late_up"
"1177","Shd","late_up"
"1178","Zeb1","late_up"
"1179","Colec12","late_up"
"1180","Zfp521","late_up"
"1181","Fhod3","late_up"
"1182","Pcdhb22","late_up"
"1183","Pcdhga9","late_up"
"1184","Marchf3","late_up"
"1185","Fbn2","late_up"
"1186","Gm41741","late_up"
"1187","Slc27a6","late_up"
"1188","Pdgfrb","late_up"
"1189","Apcdd1","late_up"
"1190","Gnal","late_up"
"1191","Ctif","late_up"
"1192","Cd248","late_up"
"1193","Zfta","late_up"
"1194","Fads3","late_up"
"1195","Fads2","late_up"
"1196","Ms4a4d","late_up"
"1197","Pcsk5","late_up"
"1198","Pgm5","late_up"
"1199","Kank1","late_up"
"1200","Vldlr","late_up"
"1201","Prkg1","late_up"
"1202","Papss2","late_up"
"1203","Rnls","late_up"
"1204","Acta2","late_up"
"1205","Entpd1","late_up"
"1206","Tll2","late_up"
"1207","Tlx1","late_up"
"1208","Sorcs3","late_up"
"1209","Vwa2","late_up"
"1210","Afap1l2","late_up"
"1211","Hspa12a","late_up"
"1212","Slc38a5","late_up"
"1213","Tenm1","late_up"
"1214","Gpc3","late_up"
"1215","Slitrk2","late_up"
"1216","Bgn","late_up"
"1217","Stard8","late_up"
"1218","Nhsl2","late_up"
"1219","Magee1","late_up"
"1220","Pou3f4","late_up"
"1221","Ripply1","late_up"
"1222","Morc4","late_up"
"1223","Nup62cl","late_up"
"1224","Frmpd3","late_up"
"1225","Col4a6","late_up"
"1226","Col4a5","late_up"
"1227","Capn6","late_up"
"1228","Trpc5","late_up"
"1229","Rtl4","late_up"
"1230","Xkr4","late_down"
"1231","Sox17","late_down"
"1232","Oprk1","late_down"
"1233","Mfsd6","late_down"
"1234","1700019D03Rik","late_down"
"1235","Stk17b","late_down"
"1236","Pgap1","late_down"
"1237","Igfbp5","late_down"
"1238","Tuba4a","late_down"
"1239","Arl4c","late_down"
"1240","Kif1a","late_down"
"1241","Sned1","late_down"
"1242","Tmem163","late_down"
"1243","Il10","late_down"
"1244","Nuak2","late_down"
"1245","Nfasc","late_down"
"1246","Zfp281","late_down"
"1247","Gm41958","late_down"
"1248","Platr22","late_down"
"1249","Crb1","late_down"
"1250","Rgs8","late_down"
"1251","Soat1","late_down"
"1252","Rasal2","late_down"
"1253","Atp1b1","late_down"
"1254","Ccdc190","late_down"
"1255","Spta1","late_down"
"1256","Mixl1","late_down"
"1257","Lefty1","late_down"
"1258","Cr2","late_down"
"1259","Acbd7","late_down"
"1260","Optn","late_down"
"1261","Cacnb2","late_down"
"1262","A930004D18Rik","late_down"
"1263","Etl4","late_down"
"1264","Thnsl1","late_down"
"1265","Zmynd19","late_down"
"1266","Sh2d3c","late_down"
"1267","Lrsam1","late_down"
"1268","Ralgps1","late_down"
"1269","Zbtb34","late_down"
"1270","Lypd6b","late_down"
"1271","Lypd6","late_down"
"1272","Kcnj3","late_down"
"1273","Galnt3","late_down"
"1274","Scn9a","late_down"
"1275","Stk39","late_down"
"1276","Itga6","late_down"
"1277","Tmx2","late_down"
"1278","Qser1","late_down"
"1279","Prrg4","late_down"
"1280","Gjd2","late_down"
"1281","Bahd1","late_down"
"1282","Frmd5","late_down"
"1283","Patl2","late_down"
"1284","Gatm","late_down"
"1285","Sqor","late_down"
"1286","Slc27a2","late_down"
"1287","Prom2","late_down"
"1288","Tgm3","late_down"
"1289","Rassf2","late_down"
"1290","Slc23a2","late_down"
"1291","Lrrn4","late_down"
"1292","Pcsk2","late_down"
"1293","Dnmt3b","late_down"
"1294","Rims4","late_down"
"1295","1810021M19Rik","late_down"
"1296","Cebpb","late_down"
"1297","Nfatc2","late_down"
"1298","Cbln4","late_down"
"1299","Tfap2c","late_down"
"1300","Hrh3","late_down"
"1301","Slco4a1","late_down"
"1302","Samd10","late_down"
"1303","Oprl1","late_down"
"1304","Zfhx4","late_down"
"1305","Snx16","late_down"
"1306","Skil","late_down"
"1307","4930429B21Rik","late_down"
"1308","Sox2","late_down"
"1309","Trpc3","late_down"
"1310","Hspa4l","late_down"
"1311","Plch1","late_down"
"1312","Slitrk3","late_down"
"1313","Platr10","late_down"
"1314","Pdgfc","late_down"
"1315","Tmem154","late_down"
"1316","Dclk2","late_down"
"1317","Zbtb7b","late_down"
"1318","Them5","late_down"
"1319","Rorc","late_down"
"1320","Ciart","late_down"
"1321","Amigo1","late_down"
"1322","Celsr2","late_down"
"1323","Abca4","late_down"
"1324","Ugt8a","late_down"
"1325","Fam241a","late_down"
"1326","Pitx2","late_down"
"1327","Npnt","late_down"
"1328","Gbp7","late_down"
"1329","Klhl32","late_down"
"1330","Fut9","late_down"
"1331","Rigi","late_down"
"1332","Cntfr","late_down"
"1333","Arid3c","late_down"
"1334","Tdrd7","late_down"
"1335","Galnt12","late_down"
"1336","Slc44a1","late_down"
"1337","Cer1","late_down"
"1338","Sh3gl2","late_down"
"1339","Gm49890","late_down"
"1340","Elavl2","late_down"
"1341","Cyp2j13","late_down"
"1342","Foxd3","late_down"
"1343","Pde4b","late_down"
"1344","Faah","late_down"
"1345","2610528J11Rik","late_down"
"1346","Tmem125","late_down"
"1347","Gm2164","late_down"
"1348","Pou3f1","late_down"
"1349","Rspo1","late_down"
"1350","Sh3d21","late_down"
"1351","Hpca","late_down"
"1352","Zbtb8a","late_down"
"1353","C330020E22Rik","late_down"
"1354","Ahdc1","late_down"
"1355","Kdf1","late_down"
"1356","Fam110d","late_down"
"1357","Slc30a2","late_down"
"1358","Rhd","late_down"
"1359","Rcan3","late_down"
"1360","Pla2g5","late_down"
"1361","Pax7","late_down"
"1362","Padi3","late_down"
"1363","Arhgef19","late_down"
"1364","Pdpn","late_down"
"1365","Fbxo44","late_down"
"1366","Pik3cd","late_down"
"1367","Espn","late_down"
"1368","Trp73","late_down"
"1369","Arhgef16","late_down"
"1370","Plch2","late_down"
"1371","Mxra8","late_down"
"1372","Sema3c","late_down"
"1373","Gsap","late_down"
"1374","Armc10","late_down"
"1375","Slc26a5","late_down"
"1376","Klhl7","late_down"
"1377","Actr3b","late_down"
"1378","Dpp6","late_down"
"1379","Cnpy1","late_down"
"1380","Krtcap3","late_down"
"1381","Nat8l","late_down"
"1382","Lgi2","late_down"
"1383","Pcdh7","late_down"
"1384","Ube2k","late_down"
"1385","Chrna9","late_down"
"1386","Rbm47","late_down"
"1387","Gm26725","late_down"
"1388","Uchl1","late_down"
"1389","Atp10d","late_down"
"1390","Lnx1","late_down"
"1391","Hopx","late_down"
"1392","G3bp2","late_down"
"1393","Sowahb","late_down"
"1394","Fras1","late_down"
"1395","Gbp9","late_down"
"1396","Gbp4","late_down"
"1397","Lrrc8b","late_down"
"1398","Lrrc8d","late_down"
"1399","Tgfbr3","late_down"
"1400","Miat","late_down"
"1401","Bicdl1","late_down"
"1402","Ksr2","late_down"
"1403","Dtx1","late_down"
"1404","Cux2","late_down"
"1405","Hvcn1","late_down"
"1406","Fzd10","late_down"
"1407","Cldn3","late_down"
"1408","Fzd9","late_down"
"1409","Adap1","late_down"
"1410","Calcr","late_down"
"1411","Gm33576","late_down"
"1412","Ica1","late_down"
"1413","Lrrc4","late_down"
"1414","Gm38785","late_down"
"1415","Atp6v0a4","late_down"
"1416","Rab19","late_down"
"1417","Tmem178b","late_down"
"1418","Zfp467","late_down"
"1419","Atp6v0e2","late_down"
"1420","Nfe2l3","late_down"
"1421","Evx1os","late_down"
"1422","Evx1","late_down"
"1423","Kbtbd2","late_down"
"1424","Snca","late_down"
"1425","Foxi3","late_down"
"1426","Sema4f","late_down"
"1427","M1ap","late_down"
"1428","Adamts9","late_down"
"1429","A730049H05Rik","late_down"
"1430","Bhlhe40","late_down"
"1431","Timp4","late_down"
"1432","Tmem40","late_down"
"1433","Rimklb","late_down"
"1434","Cmas","late_down"
"1435","Kras","late_down"
"1436","Bhlhe41","late_down"
"1437","Far2","late_down"
"1438","Prkcg","late_down"
"1439","Cacng6","late_down"
"1440","Tmem190","late_down"
"1441","Tmem238","late_down"
"1442","Pnma8c","late_down"
"1443","Nectin2","late_down"
"1444","Pou2f2","late_down"
"1445","Gmfg","late_down"
"1446","Hpn","late_down"
"1447","Rgs9bp","late_down"
"1448","Zfp936","late_down"
"1449","Shank1","late_down"
"1450","Flt3l","late_down"
"1451","Hrc","late_down"
"1452","Bcat2","late_down"
"1453","Car11","late_down"
"1454","Odad1","late_down"
"1455","Spty2d1","late_down"
"1456","Nav2","late_down"
"1457","Svip","late_down"
"1458","Gabrg3","late_down"
"1459","Snord64","late_down"
"1460","Polg","late_down"
"1461","Mir9-3hg","late_down"
"1462","Iqgap1","late_down"
"1463","Cpeb1","late_down"
"1464","Ctsc","late_down"
"1465","Prss23","late_down"
"1466","Dlg2","late_down"
"1467","Capn5","late_down"
"1468","Phox2a","late_down"
"1469","Trim21","late_down"
"1470","Trim34a","late_down"
"1471","Trim34b","late_down"
"1472","Trim66","late_down"
"1473","Nrip3","late_down"
"1474","Gm46027","late_down"
"1475","Spon1","late_down"
"1476","Plekha7","late_down"
"1477","Atp2a1","late_down"
"1478","Qprt","late_down"
"1479","Chst15","late_down"
"1480","Dhx32","late_down"
"1481","Pkp3","late_down"
"1482","Cracr2b","late_down"
"1483","Prr36","late_down"
"1484","Rab20","late_down"
"1485","Gm33532","late_down"
"1486","Mcf2l","late_down"
"1487","Kbtbd11","late_down"
"1488","Zmat4","late_down"
"1489","Trmt9b","late_down"
"1490","Pdlim3","late_down"
"1491","Gpm6a","late_down"
"1492","Aadat","late_down"
"1493","Mfap3l","late_down"
"1494","Apela","late_down"
"1495","Slc18a1","late_down"
"1496","Jund","late_down"
"1497","Nr2f6","late_down"
"1498","Plvap","late_down"
"1499","Tmem38a","late_down"
"1500","Gm6360","late_down"
"1501","Pou4f2","late_down"
"1502","Adgre5","late_down"
"1503","Gm38426","late_down"
"1504","Chd9","late_down"
"1505","Aktip","late_down"
"1506","Esrp2","late_down"
"1507","Has3","late_down"
"1508","Zfhx3","late_down"
"1509","Marveld3","late_down"
"1510","Gm9564","late_down"
"1511","Irf8","late_down"
"1512","Snai3","late_down"
"1513","Cpne7","late_down"
"1514","Gm46060","late_down"
"1515","Sipa1l2","late_down"
"1516","Kcnk1","late_down"
"1517","Pgr","late_down"
"1518","Rgl3","late_down"
"1519","Elavl3","late_down"
"1520","Siae","late_down"
"1521","Scn2b","late_down"
"1522","Htr3a","late_down"
"1523","2310030G06Rik","late_down"
"1524","Sema7a","late_down"
"1525","Gm32820","late_down"
"1526","Mindy2","late_down"
"1527","Cgnl1","late_down"
"1528","Atosa","late_down"
"1529","Myo5c","late_down"
"1530","Hcrtr2","late_down"
"1531","Fam83b","late_down"
"1532","Minar1","late_down"
"1533","Cacna2d2","late_down"
"1534","Camkv","late_down"
"1535","Nbeal2","late_down"
"1536","Cripto","late_down"
"1537","Cmtm8","late_down"
"1538","Eomes","late_down"
"1539","Gm33460","late_down"
"1540","Csrnp1","late_down"
"1541","Gm39458","late_down"
"1542","Hivep2","late_down"
"1543","Il20ra","late_down"
"1544","Slc35d3","late_down"
"1545","Eya4","late_down"
"1546","Ccn2","late_down"
"1547","Enpp3","late_down"
"1548","Samd3","late_down"
"1549","Hs3st5","late_down"
"1550","Rfx6","late_down"
"1551","Unc5b","late_down"
"1552","Jmjd1c","late_down"
"1553","Ggt1","late_down"
"1554","Gstt3","late_down"
"1555","Gm40709","late_down"
"1556","Atcay","late_down"
"1557","Tjp3","late_down"
"1558","Dcn","late_down"
"1559","Slc6a15","late_down"
"1560","Marchf9","late_down"
"1561","Gls2","late_down"
"1562","Erbb3","late_down"
"1563","Dgka","late_down"
"1564","Nefh","late_down"
"1565","Ramp3","late_down"
"1566","Pkd1l1","late_down"
"1567","Sun3","late_down"
"1568","Gm11992","late_down"
"1569","Upp1","late_down"
"1570","Vstm2a","late_down"
"1571","Insyn2b","late_down"
"1572","Kcnj12","late_down"
"1573","Chrnb1","late_down"
"1574","Cldn7","late_down"
"1575","Alox15","late_down"
"1576","Tm4sf5","late_down"
"1577","Pitpnm3","late_down"
"1578","Rtn4rl1","late_down"
"1579","Rab11fip4","late_down"
"1580","Gm32917","late_down"
"1581","Hlf","late_down"
"1582","Tom1l1","late_down"
"1583","Tob1","late_down"
"1584","Arl5c","late_down"
"1585","Mpp3","late_down"
"1586","Gm11627","late_down"
"1587","Wnt9b","late_down"
"1588","Kcnh6","late_down"
"1589","Axin2","late_down"
"1590","Hid1","late_down"
"1591","Llgl2","late_down"
"1592","Evpl","late_down"
"1593","Foxj1","late_down"
"1594","Gm11772","late_down"
"1595","Cyria","late_down"
"1596","Fam110c","late_down"
"1597","Ahr","late_down"
"1598","Tspan13","late_down"
"1599","Foxg1","late_down"
"1600","Foxa1","late_down"
"1601","Tmem229b","late_down"
"1602","Tc2n","late_down"
"1603","Ifi27l2a","late_down"
"1604","Ankrd9","late_down"
"1605","Tedc1","late_down"
"1606","Inhba","late_down"
"1607","Amph","late_down"
"1608","Nhlrc1","late_down"
"1609","Syk","late_down"
"1610","Smim32","late_down"
"1611","Ntrk2","late_down"
"1612","Gm53789","late_down"
"1613","Srd5a1","late_down"
"1614","Tert","late_down"
"1615","Ell2","late_down"
"1616","Adgrv1","late_down"
"1617","Ankrd34b","late_down"
"1618","Sv2c","late_down"
"1619","Enc1","late_down"
"1620","Arhgef28","late_down"
"1621","Ocln","late_down"
"1622","Marveld2","late_down"
"1623","Gm41098","late_down"
"1624","Gm52128","late_down"
"1625","Tmem254","late_down"
"1626","Duxbl1","late_down"
"1627","Gprin2","late_down"
"1628","Txndc16","late_down"
"1629","Zfp219","late_down"
"1630","Sall2","late_down"
"1631","Ajuba","late_down"
"1632","Jph4","late_down"
"1633","Gm35595","late_down"
"1634","Ptk2b","late_down"
"1635","Nefl","late_down"
"1636","Hr","late_down"
"1637","LOC118568133","late_down"
"1638","4930517O19Rik","late_down"
"1639","Scel","late_down"
"1640","Slain1","late_down"
"1641","Slain1os","late_down"
"1642","Abcc4","late_down"
"1643","Dock9","late_down"
"1644","2610035F20Rik","late_down"
"1645","Zic2","late_down"
"1646","Gm41259","late_down"
"1647","Prlr","late_down"
"1648","Cdh9","late_down"
"1649","Trio","late_down"
"1650","Samd12","late_down"
"1651","Mal2","late_down"
"1652","Enpp2","late_down"
"1653","Eppk1","late_down"
"1654","Plec","late_down"
"1655","Foxred2","late_down"
"1656","Cbx6","late_down"
"1657","Pdgfb","late_down"
"1658","Syngr1","late_down"
"1659","1700001L05Rik","late_down"
"1660","Ttll1","late_down"
"1661","Panx2","late_down"
"1662","Pdzrn4","late_down"
"1663","Slc48a1","late_down"
"1664","Col2a1","late_down"
"1665","Lima1","late_down"
"1666","Krt80","late_down"
"1667","Krt7","late_down"
"1668","Ppl","late_down"
"1669","Atf7ip2","late_down"
"1670","Thpo","late_down"
"1671","Chrd","late_down"
"1672","Sec22a","late_down"
"1673","B4galt4","late_down"
"1674","Btla","late_down"
"1675","Rbm11","late_down"
"1676","Hunk","late_down"
"1677","Tiam2","late_down"
"1678","Tfb1m","late_down"
"1679","Serac1","late_down"
"1680","Mpc1","late_down"
"1681","T2","late_down"
"1682","Dact2","late_down"
"1683","Zfp946","late_down"
"1684","Bicdl2","late_down"
"1685","Nme3","late_down"
"1686","Fgd2","late_down"
"1687","Abcg1","late_down"
"1688","Pde9a","late_down"
"1689","H2-Q2","late_down"
"1690","Psors1c2","late_down"
"1691","H2-T10","late_down"
"1692","Clic5","late_down"
"1693","Kcnh8","late_down"
"1694","Kat2b","late_down"
"1695","St6gal2","late_down"
"1696","Crb3","late_down"
"1697","Dennd1c","late_down"
"1698","Mtcl1","late_down"
"1699","Ptprm","late_down"
"1700","Klhl14","late_down"
"1701","4930426D05Rik","late_down"
"1702","Dtna","late_down"
"1703","Syt4","late_down"
"1704","Slc23a1","late_down"
"1705","Fchsd1","late_down"
"1706","Stk32a","late_down"
"1707","Sema6a","late_down"
"1708","Afap1l1","late_down"
"1709","Atp8b1","late_down"
"1710","Cidea","late_down"
"1711","Gm20544","late_down"
"1712","Smad7","late_down"
"1713","Hsbp1l1","late_down"
"1714","Mbp","late_down"
"1715","Ap5b1","late_down"
"1716","Neat1","late_down"
"1717","Dtx4","late_down"
"1718","Fam111a","late_down"
"1719","Prune2","late_down"
"1720","Rfx3","late_down"
"1721","Pten","late_down"
"1722","Hhex","late_down"
"1723","Gm57494","late_down"
"1724","E030044B06Rik","late_down"
"1725","Kcnip2","late_down"
"1726","Trim8","late_down"
"1727","Sfxn2","late_down"
"1728","Sorcs1","late_down"
"1729","Dgkk","late_down"
"1730","Tfe3","late_down"
"1731","Pcsk1n","late_down"
"1732","Xk","late_down"
"1733","C1galt1c1","late_down"
"1734","Dcaf12l1","late_down"
"1735","Utp14a","late_down"
"1736","Map7d3","late_down"
"1737","Mcf2","late_down"
"1738","Sox3","late_down"
"1739","Gabra3","late_down"
"1740","Pdzd4","late_down"
"1741","Pls3","late_down"
"1742","Gdpd2","late_down"
"1743","Slc7a3","late_down"
"1744","Armcx6","late_down"
"1745","Zcchc18","late_down"
"1746","Irs4","late_down"
"1747","Acsl4","late_down"
"1748","Lrch2","late_down"
"1749","Foxr2","late_down"
"1750","Rragb","late_down"
"1751","Ptchd1","late_down"
"1752","Aff3","constant_up"
"1753","Fhl2","constant_up"
"1754","Rftn2","constant_up"
"1755","Gm10561","constant_up"
"1756","Satb2","constant_up"
"1757","Fzd7","constant_up"
"1758","Gm973","constant_up"
"1759","Nrp2","constant_up"
"1760","Map2","constant_up"
"1761","Fn1","constant_up"
"1762","Des","constant_up"
"1763","Col6a3","constant_up"
"1764","Twist2","constant_up"
"1765","Gpr35","constant_up"
"1766","Farp2","constant_up"
"1767","Cxcr4","constant_up"
"1768","Mapkapk2","constant_up"
"1769","Tmcc2","constant_up"
"1770","Shisa4","constant_up"
"1771","Kif21b","constant_up"
"1772","Colgalt2","constant_up"
"1773","BC034090","constant_up"
"1774","Qsox1","constant_up"
"1775","Vamp4","constant_up"
"1776","Rcsd1","constant_up"
"1777","Creg1","constant_up"
"1778","Gm32999","constant_up"
"1779","Ildr2","constant_up"
"1780","Fam78b","constant_up"
"1781","Atp1a2","constant_up"
"1782","Opn3","constant_up"
"1783","Sdccag8","constant_up"
"1784","Zbtb18","constant_up"
"1785","Efcab2","constant_up"
"1786","Kif26b","constant_up"
"1787","Gm39714","constant_up"
"1788","Capn2","constant_up"
"1789","Gm37885","constant_up"
"1790","Aida","constant_up"
"1791","Vash2","constant_up"
"1792","Traf5","constant_up"
"1793","Kcnh1","constant_up"
"1794","Fam171a1","constant_up"
"1795","Frmd4a","constant_up"
"1796","Vim","constant_up"
"1797","Mrc1","constant_up"
"1798","Nsmf","constant_up"
"1799","Nrarp","constant_up"
"1800","Paxx","constant_up"
"1801","Ptgds","constant_up"
"1802","Notch1","constant_up"
"1803","Slc2a6","constant_up"
"1804","Adamtsl2","constant_up"
"1805","Rxra","constant_up"
"1806","Col5a1","constant_up"
"1807","Olfm1","constant_up"
"1808","Angptl2","constant_up"
"1809","Cutal","constant_up"
"1810","Dab2ip","constant_up"
"1811","Ttll11","constant_up"
"1812","Crb2","constant_up"
"1813","Lhx2","constant_up"
"1814","Kynu","constant_up"
"1815","Zeb2","constant_up"
"1816","Zeb2os","constant_up"
"1817","Rnd3","constant_up"
"1818","Csrnp3","constant_up"
"1819","Slc25a12","constant_up"
"1820","Wipf1","constant_up"
"1821","Osbpl6","constant_up"
"1822","Fkbp7","constant_up"
"1823","Itprid2","constant_up"
"1824","Calcrl","constant_up"
"1825","Tfpi","constant_up"
"1826","Slc43a1","constant_up"
"1827","Cstpp1","constant_up"
"1828","Pdhx","constant_up"
"1829","Apip","constant_up"
"1830","Cat","constant_up"
"1831","D430041D05Rik","constant_up"
"1832","Actc1","constant_up"
"1833","Meis2","constant_up"
"1834","B2m","constant_up"
"1835","Sord","constant_up"
"1836","Shf","constant_up"
"1837","Sema6d","constant_up"
"1838","Smox","constant_up"
"1839","Prokr2","constant_up"
"1840","Rin2","constant_up"
"1841","Insm1","constant_up"
"1842","Plagl2","constant_up"
"1843","Nol4l","constant_up"
"1844","Ggt7","constant_up"
"1845","Zhx3","constant_up"
"1846","Zfp663","constant_up"
"1847","Slc2a10","constant_up"
"1848","Sulf2","constant_up"
"1849","Gm31619","constant_up"
"1850","Atp9a","constant_up"
"1851","Fam217b","constant_up"
"1852","Ntsr1","constant_up"
"1853","Col20a1","constant_up"
"1854","Anxa5","constant_up"
"1855","Fgf2","constant_up"
"1856","Pcdh18","constant_up"
"1857","Lhfpl6","constant_up"
"1858","Siah2","constant_up"
"1859","Kcnab1","constant_up"
"1860","B3galnt1","constant_up"
"1861","Bche","constant_up"
"1862","Golim4","constant_up"
"1863","Rapgef2","constant_up"
"1864","Gucy1b1","constant_up"
"1865","Fhdc1","constant_up"
"1866","Kirrel1","constant_up"
"1867","Fdps","constant_up"
"1868","S100a16","constant_up"
"1869","Adamtsl4","constant_up"
"1870","Ecm1","constant_up"
"1871","Plekho1","constant_up"
"1872","Polr3gl","constant_up"
"1873","Ankrd34a","constant_up"
"1874","Lix1l","constant_up"
"1875","Itga10","constant_up"
"1876","Nudt17","constant_up"
"1877","Notch2","constant_up"
"1878","Ngf","constant_up"
"1879","Syt6","constant_up"
"1880","Kcnd3","constant_up"
"1881","Kcna3","constant_up"
"1882","Kcna2","constant_up"
"1883","Gpr61","constant_up"
"1884","Eeig2","constant_up"
"1885","Slc25a24","constant_up"
"1886","Tram1l1","constant_up"
"1887","Camk2d","constant_up"
"1888","Ttll7","constant_up"
"1889","St6galnac5","constant_up"
"1890","Lyrm2","constant_up"
"1891","Gne","constant_up"
"1892","Coro2a","constant_up"
"1893","Fsd1l","constant_up"
"1894","Tmem38b","constant_up"
"1895","Lpar1","constant_up"
"1896","Astn2","constant_up"
"1897","Cdk5rap2","constant_up"
"1898","Megf9","constant_up"
"1899","Ptprd","constant_up"
"1900","Adamtsl1","constant_up"
"1901","Slc24a2","constant_up"
"1902","Dmrta1","constant_up"
"1903","Cyp2j6","constant_up"
"1904","Sgip1","constant_up"
"1905","Dynlt5","constant_up"
"1906","Acot11","constant_up"
"1907","Cyb5rl","constant_up"
"1908","Gpx7","constant_up"
"1909","Spata6","constant_up"
"1910","Pik3r3","constant_up"
"1911","Elovl1","constant_up"
"1912","Cfap57","constant_up"
"1913","Hivep3","constant_up"
"1914","Csmd2","constant_up"
"1915","Zfp362","constant_up"
"1916","Serinc2","constant_up"
"1917","Tmem200b","constant_up"
"1918","Selenon","constant_up"
"1919","Clic4","constant_up"
"1920","Htr1d","constant_up"
"1921","Vwa5b1","constant_up"
"1922","Spsb1","constant_up"
"1923","Ajap1","constant_up"
"1924","AW011738","constant_up"
"1925","Cyp51","constant_up"
"1926","Sri","constant_up"
"1927","Gm30613","constant_up"
"1928","Gm21083","constant_up"
"1929","Reln","constant_up"
"1930","Hycc1","constant_up"
"1931","Dpysl5","constant_up"
"1932","Mapre3","constant_up"
"1933","Fosl2","constant_up"
"1934","Mxd4","constant_up"
"1935","Evc2","constant_up"
"1936","Nsg1","constant_up"
"1937","Adgra3","constant_up"
"1938","Stim2","constant_up"
"1939","Nipal1","constant_up"
"1940","Sgcb","constant_up"
"1941","Rasl11b","constant_up"
"1942","Pdgfra","constant_up"
"1943","Stbd1","constant_up"
"1944","Hpse","constant_up"
"1945","Arhgap24","constant_up"
"1946","Mn1","constant_up"
"1947","Cmklr1","constant_up"
"1948","Rph3a","constant_up"
"1949","Pitpnm2","constant_up"
"1950","Rflna","constant_up"
"1951","Tmem132c","constant_up"
"1952","Tmem132d","constant_up"
"1953","Rimbp2","constant_up"
"1954","Kctd7","constant_up"
"1955","Clip2","constant_up"
"1956","Ephb4","constant_up"
"1957","Gal3st4","constant_up"
"1958","Gpc2","constant_up"
"1959","Rasl11a","constant_up"
"1960","Katnal1","constant_up"
"1961","B3glct","constant_up"
"1962","Col1a2","constant_up"
"1963","Sgce","constant_up"
"1964","Pon3","constant_up"
"1965","Asns","constant_up"
"1966","St7","constant_up"
"1967","Wnt2","constant_up"
"1968","Tspan12","constant_up"
"1969","Wnt16","constant_up"
"1970","Ptprz1","constant_up"
"1971","Flnc","constant_up"
"1972","Mest","constant_up"
"1973","Wdr91","constant_up"
"1974","Ptn","constant_up"
"1975","Clec2l","constant_up"
"1976","Tcaf1","constant_up"
"1977","Vopp1","constant_up"
"1978","Nap1l5","constant_up"
"1979","Capg","constant_up"
"1980","Tacr1","constant_up"
"1981","Wbp1","constant_up"
"1982","Rtkn","constant_up"
"1983","Dctn1","constant_up"
"1984","Antxr1","constant_up"
"1985","Hmces","constant_up"
"1986","Spehd","constant_up"
"1987","Gata2","constant_up"
"1988","Fbln2","constant_up"
"1989","Fgd5","constant_up"
"1990","Mitf","constant_up"
"1991","Eif4e3","constant_up"
"1992","Gxylt2","constant_up"
"1993","Lrrn1","constant_up"
"1994","Slc6a11","constant_up"
"1995","Plxnd1","constant_up"
"1996","Ret","constant_up"
"1997","Cacna1c","constant_up"
"1998","Tmem121b","constant_up"
"1999","Lpcat3","constant_up"
"2000","Iffo1","constant_up"
"2001","Scnn1a","constant_up"
"2002","Vwf","constant_up"
"2003","Kcna6","constant_up"
"2004","Cracr2a","constant_up"
"2005","Prmt8","constant_up"
"2006","Hebp1","constant_up"
"2007","Fam234b","constant_up"
"2008","Bmal2","constant_up"
"2009","Ppfibp1","constant_up"
"2010","Kmt5c","constant_up"
"2011","Peg3","constant_up"
"2012","Usp29","constant_up"
"2013","Zfp128","constant_up"
"2014","Gm38499","constant_up"
"2015","Grik5","constant_up"
"2016","Cxcl17","constant_up"
"2017","Numbl","constant_up"
"2018","Selenov","constant_up"
"2019","Gm51445","constant_up"
"2020","Ppp1r14a","constant_up"
"2021","Arhgap33","constant_up"
"2022","Scn1b","constant_up"
"2023","Kctd15","constant_up"
"2024","Chst8","constant_up"
"2025","Cebpa","constant_up"
"2026","Lrp3","constant_up"
"2027","Zfp536","constant_up"
"2028","Lrrc4b","constant_up"
"2029","Grin2d","constant_up"
"2030","Nell1","constant_up"
"2031","Gas2","constant_up"
"2032","Nipa1","constant_up"
"2033","Klf13","constant_up"
"2034","Trpm1","constant_up"
"2035","Lrrc28","constant_up"
"2036","Rgma","constant_up"
"2037","St8sia2","constant_up"
"2038","Slco3a1","constant_up"
"2039","Tm6sf1","constant_up"
"2040","Hdgfl3","constant_up"
"2041","Ctxnd1","constant_up"
"2042","Sytl2","constant_up"
"2043","Mogat2","constant_up"
"2044","Serpinh1","constant_up"
"2045","Dchs1","constant_up"
"2046","Dennd2b","constant_up"
"2047","Tmem9b","constant_up"
"2048","Scube2","constant_up"
"2049","Tead1","constant_up"
"2050","Acsm4","constant_up"
"2051","Vwa3a","constant_up"
"2052","Arhgap17","constant_up"
"2053","Bag3","constant_up"
"2054","Fgfr2","constant_up"
"2055","Dpysl4","constant_up"
"2056","Stk32c","constant_up"
"2057","B4galnt4","constant_up"
"2058","Slc22a18","constant_up"
"2059","Phlda2","constant_up"
"2060","Evi5l","constant_up"
"2061","Col4a1","constant_up"
"2062","Fgfr1","constant_up"
"2063","Adgra2","constant_up"
"2064","Prag1","constant_up"
"2065","Fam149a","constant_up"
"2066","Snx25","constant_up"
"2067","Slc25a4","constant_up"
"2068","Acsl1","constant_up"
"2069","Stox2","constant_up"
"2070","Galnt7","constant_up"
"2071","Cpe","constant_up"
"2072","Lpl","constant_up"
"2073","Arhgap10","constant_up"
"2074","Hhip","constant_up"
"2075","Rnf150","constant_up"
"2076","Irx3","constant_up"
"2077","Crnde","constant_up"
"2078","Irx5","constant_up"
"2079","Gnao1","constant_up"
"2080","Herpud1","constant_up"
"2081","Arl2bp","constant_up"
"2082","Kifc3","constant_up"
"2083","Cmtm3","constant_up"
"2084","Fbxl8","constant_up"
"2085","Zfp90","constant_up"
"2086","A330074K22Rik","constant_up"
"2087","Mthfsd","constant_up"
"2088","Foxl1","constant_up"
"2089","Zfpm1","constant_up"
"2090","Cbfa2t3","constant_up"
"2091","Vps9d1","constant_up"
"2092","Tubb3","constant_up"
"2093","Irf2bp2","constant_up"
"2094","Maml2","constant_up"
"2095","Endod1","constant_up"
"2096","Amotl1","constant_up"
"2097","Piwil4","constant_up"
"2098","Fut4","constant_up"
"2099","Col5a3","constant_up"
"2100","Dnm2","constant_up"
"2101","B3gat1","constant_up"
"2102","Jam3","constant_up"
"2103","Ets1","constant_up"
"2104","Robo3","constant_up"
"2105","Esam","constant_up"
"2106","Nrgn","constant_up"
"2107","Clmp","constant_up"
"2108","Sc5d","constant_up"
"2109","Nlrx1","constant_up"
"2110","Ncam1","constant_up"
"2111","Dixdc1","constant_up"
"2112","Exph5","constant_up"
"2113","Chrna5","constant_up"
"2114","Chrna3","constant_up"
"2115","Chrnb4","constant_up"
"2116","Snx33","constant_up"
"2117","Hcn4","constant_up"
"2118","Smad3","constant_up"
"2119","Igdcc4","constant_up"
"2120","Igdcc3","constant_up"
"2121","Rasl12","constant_up"
"2122","Plekho2","constant_up"
"2123","Pif1","constant_up"
"2124","Tpm1","constant_up"
"2125","Fam81a","constant_up"
"2126","Gm27204","constant_up"
"2127","Prtg","constant_up"
"2128","Pygo1","constant_up"
"2129","Snap91","constant_up"
"2130","Gm36539","constant_up"
"2131","Ripply2","constant_up"
"2132","Chst2","constant_up"
"2133","Spsb4","constant_up"
"2134","Clstn2","constant_up"
"2135","Ky","constant_up"
"2136","Cdhr4","constant_up"
"2137","Col7a1","constant_up"
"2138","Nradd","constant_up"
"2139","Pth1r","constant_up"
"2140","Gm35775","constant_up"
"2141","Susd5","constant_up"
"2142","Cmtm7","constant_up"
"2143","Tgfbr2","constant_up"
"2144","Itga9","constant_up"
"2145","Ctdspl","constant_up"
"2146","Plcd1","constant_up"
"2147","LOC118567689","constant_up"
"2148","Phactr2","constant_up"
"2149","Raet1e","constant_up"
"2150","Raet1d","constant_up"
"2151","9330159F19Rik","constant_up"
"2152","Rspo3","constant_up"
"2153","Hey2","constant_up"
"2154","E130307A14Rik","constant_up"
"2155","Fig4","constant_up"
"2156","Mical1","constant_up"
"2157","A230054N11Rik","constant_up"
"2158","Nepn","constant_up"
"2159","Sh3rf3","constant_up"
"2160","Macroh2a2","constant_up"
"2161","Col13a1","constant_up"
"2162","Hk1os","constant_up"
"2163","Dnajc12","constant_up"
"2164","1110002J07Rik","constant_up"
"2165","Rhobtb1","constant_up"
"2166","Pcdh15","constant_up"
"2167","Arid3a","constant_up"
"2168","Efna2","constant_up"
"2169","Glt8d2","constant_up"
"2170","Aldh1l2","constant_up"
"2171","Ckap4","constant_up"
"2172","Eea1","constant_up"
"2173","Btg1","constant_up"
"2174","Ppfia2","constant_up"
"2175","Gm38500","constant_up"
"2176","Srgap1","constant_up"
"2177","Slc16a7","constant_up"
"2178","Agap2","constant_up"
"2179","Arhgef25","constant_up"
"2180","Dusp18","constant_up"
"2181","Slc35e4","constant_up"
"2182","Ube2d-ps","constant_up"
"2183","Cnrip1","constant_up"
"2184","B3gnt2","constant_up"
"2185","Fam161a","constant_up"
"2186","Gm12059","constant_up"
"2187","Rel","constant_up"
"2188","Efemp1","constant_up"
"2189","Sh3pxd2b","constant_up"
"2190","Tbc1d9b","constant_up"
"2191","Shroom1","constant_up"
"2192","Septin8","constant_up"
"2193","P4ha2","constant_up"
"2194","Sparc","constant_up"
"2195","Trim17","constant_up"
"2196","Mprip","constant_up"
"2197","Nt5m","constant_up"
"2198","Tom1l2","constant_up"
"2199","Ulk2","constant_up"
"2200","Specc1","constant_up"
"2201","Adora2b","constant_up"
"2202","Zfp287","constant_up"
"2203","Zfp286","constant_up"
"2204","F930015N05Rik","constant_up"
"2205","Hs3st3a1","constant_up"
"2206","Borcs6","constant_up"
"2207","Atp1b2","constant_up"
"2208","Pimreg","constant_up"
"2209","Tax1bp3","constant_up"
"2210","Tlcd2","constant_up"
"2211","Tlcd3a","constant_up"
"2212","Ankrd13b","constant_up"
"2213","Slc46a1","constant_up"
"2214","Sarm1","constant_up"
"2215","Ksr1","constant_up"
"2216","Asic2","constant_up"
"2217","Gm51909","constant_up"
"2218","Ppm1e","constant_up"
"2219","Cacna1g","constant_up"
"2220","Acsf2","constant_up"
"2221","Samd14","constant_up"
"2222","Dlx3","constant_up"
"2223","Ngfr","constant_up"
"2224","Gm11536","constant_up"
"2225","Stac2","constant_up"
"2226","Igfbp4","constant_up"
"2227","Stat5b","constant_up"
"2228","Cavin1","constant_up"
"2229","Rgs9","constant_up"
"2230","Arsg","constant_up"
"2231","Wipi1","constant_up"
"2232","Ttyh2","constant_up"
"2233","Gm35829","constant_up"
"2234","Cbx2","constant_up"
"2235","Cep131","constant_up"
"2236","Kif3c","constant_up"
"2237","Rhob","constant_up"
"2238","Greb1","constant_up"
"2239","Hpcal1","constant_up"
"2240","Rnf144a","constant_up"
"2241","Twist1","constant_up"
"2242","Crppa","constant_up"
"2243","Dock4","constant_up"
"2244","Nova1","constant_up"
"2245","Cdkl1","constant_up"
"2246","Frmd6","constant_up"
"2247","Six1","constant_up"
"2248","Syne2","constant_up"
"2249","Galnt16","constant_up"
"2250","Flvcr2","constant_up"
"2251","Vash1","constant_up"
"2252","Tshr","constant_up"
"2253","Rin3","constant_up"
"2254","D430019H16Rik","constant_up"
"2255","Eml1","constant_up"
"2256","Dlk1","constant_up"
"2257","Traf3","constant_up"
"2258","Akt1","constant_up"
"2259","Zbtb42","constant_up"
"2260","Ptprn2","constant_up"
"2261","2610307P16Rik","constant_up"
"2262","Dusp22","constant_up"
"2263","Foxc1","constant_up"
"2264","Tubb2a","constant_up"
"2265","Bmp6","constant_up"
"2266","Bloc1s5","constant_up"
"2267","Mylip","constant_up"
"2268","Cap2","constant_up"
"2269","S1pr3","constant_up"
"2270","Gprin1","constant_up"
"2271","Gm16907","constant_up"
"2272","Irx1","constant_up"
"2273","Nkd2","constant_up"
"2274","Mef2c","constant_up"
"2275","Vcan","constant_up"
"2276","Atg10","constant_up"
"2277","Arsb","constant_up"
"2278","Gm57596","constant_up"
"2279","Zbed3","constant_up"
"2280","Plk2","constant_up"
"2281","Gpx8","constant_up"
"2282","Gm53794","constant_up"
"2283","Cfap20dc","constant_up"
"2284","Zcchc24","constant_up"
"2285","Sema3g","constant_up"
"2286","Slc18a3","constant_up"
"2287","Gm15601","constant_up"
"2288","Arhgef40","constant_up"
"2289","Mmp14","constant_up"
"2290","Fam124a","constant_up"
"2291","Gata4","constant_up"
"2292","Scara3","constant_up"
"2293","Clu","constant_up"
"2294","Adam2","constant_up"
"2295","Adra1a","constant_up"
"2296","Ebf2","constant_up"
"2297","Gm52127","constant_up"
"2298","Gm31107","constant_up"
"2299","Gm26908","constant_up"
"2300","Ppp3cc","constant_up"
"2301","Bmp1","constant_up"
"2302","Gfra2","constant_up"
"2303","Serp2","constant_up"
"2304","Kctd12","constant_up"
"2305","Uggt2","constant_up"
"2306","Farp1","constant_up"
"2307","Fbxl7","constant_up"
"2308","Matn2","constant_up"
"2309","Lrp12","constant_up"
"2310","Angpt1","constant_up"
"2311","Aard","constant_up"
"2312","Zhx2","constant_up"
"2313","Adcy8","constant_up"
"2314","St3gal1","constant_up"
"2315","Col22a1","constant_up"
"2316","Zfp41","constant_up"
"2317","Kctd17","constant_up"
"2318","Gm41358","constant_up"
"2319","Sun2","constant_up"
"2320","Gm16576","constant_up"
"2321","Tnfrsf13c","constant_up"
"2322","Septin3","constant_up"
"2323","Pheta2","constant_up"
"2324","Mpped1","constant_up"
"2325","Parvb","constant_up"
"2326","Gm34095","constant_up"
"2327","Fbln1","constant_up"
"2328","Abcd2","constant_up"
"2329","Tmem117","constant_up"
"2330","Nell2","constant_up"
"2331","Hdac7","constant_up"
"2332","Letmd1","constant_up"
"2333","Scn8a","constant_up"
"2334","Fignl2","constant_up"
"2335","Gm9918","constant_up"
"2336","Pde1b","constant_up"
"2337","Tvp23a","constant_up"
"2338","Cpped1","constant_up"
"2339","Thap7","constant_up"
"2340","Car15","constant_up"
"2341","Septin5","constant_up"
"2342","Klhl6","constant_up"
"2343","2510009E07Rik","constant_up"
"2344","Masp1","constant_up"
"2345","Gm4524","constant_up"
"2346","P3h2","constant_up"
"2347","Il1rap","constant_up"
"2348","Tmem44","constant_up"
"2349","Adcy5","constant_up"
"2350","Fstl1","constant_up"
"2351","Gpr156","constant_up"
"2352","Sidt1","constant_up"
"2353","Boc","constant_up"
"2354","Ccdc80","constant_up"
"2355","Tagln3","constant_up"
"2356","Nxpe3","constant_up"
"2357","Abi3bp","constant_up"
"2358","Filip1l","constant_up"
"2359","Pros1","constant_up"
"2360","Epha3","constant_up"
"2361","Robo1","constant_up"
"2362","Chodl","constant_up"
"2363","Ifnar2","constant_up"
"2364","Il10rb","constant_up"
"2365","Ifngr2","constant_up"
"2366","Pcp4","constant_up"
"2367","Agpat4","constant_up"
"2368","Acat2","constant_up"
"2369","Lix1","constant_up"
"2370","Cerox1","constant_up"
"2371","Capn15","constant_up"
"2372","Cyp4f15","constant_up"
"2373","Col11a2","constant_up"
"2374","H2-Ab1","constant_up"
"2375","Pbx2","constant_up"
"2376","Egfl8","constant_up"
"2377","2610029K11Rik","constant_up"
"2378","Prrt1","constant_up"
"2379","Tnxb","constant_up"
"2380","Tcf19","constant_up"
"2381","Ppp1r18","constant_up"
"2382","Gabbr1","constant_up"
"2383","Rcan2","constant_up"
"2384","Tmem151b","constant_up"
"2385","Vegfa","constant_up"
"2386","Cul9","constant_up"
"2387","Ccnd3","constant_up"
"2388","Man2a1","constant_up"
"2389","Lama1","constant_up"
"2390","Arhgap28","constant_up"
"2391","Tmem200c","constant_up"
"2392","Epb41l3","constant_up"
"2393","Akain1","constant_up"
"2394","Ehd3","constant_up"
"2395","Rasgrp3","constant_up"
"2396","Qpct","constant_up"
"2397","Abcg8","constant_up"
"2398","Jcad","constant_up"
"2399","Greb1l","constant_up"
"2400","Psma8","constant_up"
"2401","Taf4b","constant_up"
"2402","Kctd1","constant_up"
"2403","Slc39a6","constant_up"
"2404","Bin1","constant_up"
"2405","Camk4","constant_up"
"2406","Gfra3","constant_up"
"2407","Psd2","constant_up"
"2408","Pcdhac2","constant_up"
"2409","Sncaip","constant_up"
"2410","Megf10","constant_up"
"2411","Adamts19","constant_up"
"2412","Chsy3","constant_up"
"2413","Piezo2","constant_up"
"2414","Onecut2","constant_up"
"2415","Mppe1","constant_up"
"2416","Tubb6","constant_up"
"2417","4930503L19Rik","constant_up"
"2418","Stard6","constant_up"
"2419","Setbp1","constant_up"
"2420","Pard6g","constant_up"
"2421","Nfatc1","constant_up"
"2422","Zfp516","constant_up"
"2423","Tshz1","constant_up"
"2424","Ptgr3","constant_up"
"2425","Peli3","constant_up"
"2426","Taf6l","constant_up"
"2427","Fads1","constant_up"
"2428","Mamdc2","constant_up"
"2429","Tmem252","constant_up"
"2430","Dock8","constant_up"
"2431","Lipo3","constant_up"
"2432","Pcgf5","constant_up"
"2433","Ppp1r3c","constant_up"
"2434","Frat1","constant_up"
"2435","Crtac1","constant_up"
"2436","Cnnm1","constant_up"
"2437","Scd1","constant_up"
"2438","Add3","constant_up"
"2439","Rbm20","constant_up"
"2440","Tcf7l2","constant_up"
"2441","Pnliprp2","constant_up"
"2442","Sytl5","constant_up"
"2443","Usp11","constant_up"
"2444","Klhl13","constant_up"
"2445","Arhgap36","constant_up"
"2446","Fhl1","constant_up"
"2447","Gm36522","constant_up"
"2448","Atp11c","constant_up"
"2449","Aff2","constant_up"
"2450","Hmgb3","constant_up"
"2451","Gpr50","constant_up"
"2452","Nsdhl","constant_up"
"2453","Haus7","constant_up"
"2454","Arx","constant_up"
"2455","Msn","constant_up"
"2456","Eda2r","constant_up"
"2457","Dlg3","constant_up"
"2458","Tex11","constant_up"
"2459","Cited1","constant_up"
"2460","Tbx22","constant_up"
"2461","Zfp711","constant_up"
"2462","Pcdh19","constant_up"
"2463","Tceal3","constant_up"
"2464","Sh3kbp1","constant_up"
"2465","Tmsb4x","constant_up"
"2466","Frmpd4","constant_up"
"2467","Arhgap6","constant_up"
"2468","Gm26901","constant_down"
"2469","Adhfe1","constant_down"
"2470","Slco5a1","constant_down"
"2471","Msc","constant_down"
"2472","Terf1","constant_down"
"2473","Dst","constant_down"
"2474","Arhgef4","constant_down"
"2475","Plekhb2","constant_down"
"2476","Nabp1","constant_down"
"2477","Adam23","constant_down"
"2478","Fzd5","constant_down"
"2479","Igfbp2","constant_down"
"2480","Ap1s3","constant_down"
"2481","Ccl20","constant_down"
"2482","Sphkap","constant_down"
"2483","Scly","constant_down"
"2484","Erfe","constant_down"
"2485","Crocc2","constant_down"
"2486","Slco4c1","constant_down"
"2487","Rnf152","constant_down"
"2488","Tfcp2l1","constant_down"
"2489","Cd55","constant_down"
"2490","Etnk2","constant_down"
"2491","Sox13","constant_down"
"2492","Cyb5r1","constant_down"
"2493","Lgr6","constant_down"
"2494","Gm19705","constant_down"
"2495","Niban1","constant_down"
"2496","Rgs16","constant_down"
"2497","Rnasel","constant_down"
"2498","Tor3a","constant_down"
"2499","Rabgap1l","constant_down"
"2500","F5","constant_down"
"2501","Sft2d2","constant_down"
"2502","F11r","constant_down"
"2503","Tmem63a","constant_down"
"2504","Dusp10","constant_down"
"2505","C130074G19Rik","constant_down"
"2506","Kctd3","constant_down"
"2507","Kcnk2","constant_down"
"2508","Smyd2","constant_down"
"2509","Prox1","constant_down"
"2510","Camk1g","constant_down"
"2511","Bend7","constant_down"
"2512","Phyh","constant_down"
"2513","Camk1d","constant_down"
"2514","Celf2","constant_down"
"2515","Il15ra","constant_down"
"2516","Otud1","constant_down"
"2517","Pnpla7","constant_down"
"2518","Sapcd2","constant_down"
"2519","Npdc1","constant_down"
"2520","Abca2","constant_down"
"2521","Tmem141","constant_down"
"2522","Cercam","constant_down"
"2523","Phyhd1","constant_down"
"2524","Ass1","constant_down"
"2525","Tor2a","constant_down"
"2526","Nmi","constant_down"
"2527","Cobll1","constant_down"
"2528","Scn7a","constant_down"
"2529","Klhl23","constant_down"
"2530","Pdk1","constant_down"
"2531","Ptprj","constant_down"
"2532","Syt13","constant_down"
"2533","Platr14","constant_down"
"2534","Scg5","constant_down"
"2535","Zfp770","constant_down"
"2536","Ppp1r14d","constant_down"
"2537","Hdc","constant_down"
"2538","Snap25","constant_down"
"2539","Tasp1","constant_down"
"2540","Ovol2","constant_down"
"2541","Foxa2","constant_down"
"2542","Zfp1004","constant_down"
"2543","Xkr7","constant_down"
"2544","Bpifb4","constant_down"
"2545","Necab3","constant_down"
"2546","Tgm2","constant_down"
"2547","Gm35374","constant_down"
"2548","Wfdc2","constant_down"
"2549","Znfx1","constant_down"
"2550","Gm52569","constant_down"
"2551","Cyp24a1","constant_down"
"2552","Pmepa1","constant_down"
"2553","Lama5","constant_down"
"2554","Tcfl5","constant_down"
"2555","Slc17a9","constant_down"
"2556","Car2","constant_down"
"2557","Smim43","constant_down"
"2558","4930556A17Rik","constant_down"
"2559","Noct","constant_down"
"2560","Frem2","constant_down"
"2561","Nbea","constant_down"
"2562","Arhgef26","constant_down"
"2563","Lrba","constant_down"
"2564","Mab21l2","constant_down"
"2565","Tdrkh","constant_down"
"2566","Celf3","constant_down"
"2567","Tuft1","constant_down"
"2568","4930481B07Rik","constant_down"
"2569","H2bc21","constant_down"
"2570","Gm10685","constant_down"
"2571","Txnip","constant_down"
"2572","Pdzk1","constant_down"
"2573","Vangl1","constant_down"
"2574","Dennd2c","constant_down"
"2575","Dennd2d","constant_down"
"2576","Gstm2","constant_down"
"2577","Dbt","constant_down"
"2578","Frrs1","constant_down"
"2579","Gclm","constant_down"
"2580","Gm54195","constant_down"
"2581","Bmpr1b","constant_down"
"2582","Gbp3","constant_down"
"2583","Gbp2","constant_down"
"2584","Kyat3","constant_down"
"2585","Clca4a","constant_down"
"2586","Ccn1","constant_down"
"2587","Ddah1","constant_down"
"2588","Cth","constant_down"
"2589","Plekhf2","constant_down"
"2590","Esrp1","constant_down"
"2591","Gm35631","constant_down"
"2592","Rad54b","constant_down"
"2593","Ggh","constant_down"
"2594","Dnai1","constant_down"
"2595","Unc13b","constant_down"
"2596","Trim14","constant_down"
"2597","Gm52731","constant_down"
"2598","Acnat1","constant_down"
"2599","Ptpn3","constant_down"
"2600","Ugcg","constant_down"
"2601","Mup6","constant_down"
"2602","Wdr31","constant_down"
"2603","Rasef","constant_down"
"2604","Nfib","constant_down"
"2605","Ttc39b","constant_down"
"2606","Rims3","constant_down"
"2607","Mycl","constant_down"
"2608","Col8a2","constant_down"
"2609","Gjb3","constant_down"
"2610","Nhsl3","constant_down"
"2611","Zbtb8b","constant_down"
"2612","Lck","constant_down"
"2613","Oprd1","constant_down"
"2614","Fgr","constant_down"
"2615","Cd164l2","constant_down"
"2616","Tent5b","constant_down"
"2617","Lin28a","constant_down"
"2618","Cnksr1","constant_down"
"2619","Pdik1l","constant_down"
"2620","Ifnlr1","constant_down"
"2621","E2f2","constant_down"
"2622","Cda","constant_down"
"2623","Padi2","constant_down"
"2624","Epha2","constant_down"
"2625","Fam131c","constant_down"
"2626","Tmem82","constant_down"
"2627","AI507597","constant_down"
"2628","Kazn","constant_down"
"2629","Dhrs3","constant_down"
"2630","Zfp990","constant_down"
"2631","Zfp268","constant_down"
"2632","Zfp987","constant_down"
"2633","Zfp985","constant_down"
"2634","Zfp979","constant_down"
"2635","Zfp534","constant_down"
"2636","Smim1","constant_down"
"2637","Prkcz","constant_down"
"2638","Cdk6","constant_down"
"2639","Akap9","constant_down"
"2640","Sema3e","constant_down"
"2641","Gm4961","constant_down"
"2642","Gm36182","constant_down"
"2643","Jakmip1","constant_down"
"2644","Fgfbp1","constant_down"
"2645","Ccdc149","constant_down"
"2646","Sel1l3","constant_down"
"2647","Gm40309","constant_down"
"2648","Atp8a1","constant_down"
"2649","Tec","constant_down"
"2650","Kit","constant_down"
"2651","Cdkl2","constant_down"
"2652","Fgf5","constant_down"
"2653","Cfap299","constant_down"
"2654","Cds1","constant_down"
"2655","Aff1","constant_down"
"2656","Slc49a3","constant_down"
"2657","Plcxd1","constant_down"
"2658","Fam222a","constant_down"
"2659","Wsb2","constant_down"
"2660","Rasal1","constant_down"
"2661","Oas1a","constant_down"
"2662","Oas1d","constant_down"
"2663","Glt1d1","constant_down"
"2664","Mlxipl","constant_down"
"2665","Rasa4","constant_down"
"2666","Zcwpw1","constant_down"
"2667","Mafk","constant_down"
"2668","Tmem130","constant_down"
"2669","Slc46a3","constant_down"
"2670","Aass","constant_down"
"2671","Cadps2","constant_down"
"2672","Podxl","constant_down"
"2673","Slc13a4","constant_down"
"2674","Zc3hav1","constant_down"
"2675","Tmem139","constant_down"
"2676","Sspo","constant_down"
"2677","Gimap9","constant_down"
"2678","Tmem176b","constant_down"
"2679","Gm7932","constant_down"
"2680","Spmip4","constant_down"
"2681","Snx10","constant_down"
"2682","Wipf3","constant_down"
"2683","Mturn","constant_down"
"2684","Gm44008","constant_down"
"2685","Znrf2","constant_down"
"2686","Ggct","constant_down"
"2687","Ppm1k","constant_down"
"2688","Abcg2","constant_down"
"2689","Vamp8","constant_down"
"2690","Slc4a5","constant_down"
"2691","Dysf","constant_down"
"2692","Npm3-ps1","constant_down"
"2693","Fbxo41","constant_down"
"2694","Tgfa","constant_down"
"2695","Nup210","constant_down"
"2696","Trh","constant_down"
"2697","Creld1","constant_down"
"2698","Efcab12","constant_down"
"2699","Wnt5b","constant_down"
"2700","B4galnt3","constant_down"
"2701","Phc1","constant_down"
"2702","Clstn3","constant_down"
"2703","Ptpn6","constant_down"
"2704","Tapbpl","constant_down"
"2705","Pde3a","constant_down"
"2706","Ldhb","constant_down"
"2707","D7Ertd143e","constant_down"
"2708","Ttyh1","constant_down"
"2709","Shisa7","constant_down"
"2710","Eddm13","constant_down"
"2711","Foxa3","constant_down"
"2712","Gpr4","constant_down"
"2713","Bcam","constant_down"
"2714","Cblc","constant_down"
"2715","Cadm4","constant_down"
"2716","Fcgbp","constant_down"
"2717","Zfp36","constant_down"
"2718","Spint2","constant_down"
"2719","Fam187b","constant_down"
"2720","Dpy19l3","constant_down"
"2721","Gm6871","constant_down"
"2722","Klk13","constant_down"
"2723","Mybpc2","constant_down"
"2724","Zfp473","constant_down"
"2725","Ldha","constant_down"
"2726","Atp10a","constant_down"
"2727","Fam169b","constant_down"
"2728","Wnt11","constant_down"
"2729","Calca","constant_down"
"2730","Crym","constant_down"
"2731","Eef2k","constant_down"
"2732","Prkcb","constant_down"
"2733","Prss8","constant_down"
"2734","Pycard","constant_down"
"2735","Gm5602","constant_down"
"2736","Cpxm2","constant_down"
"2737","Ctbp2","constant_down"
"2738","Fuom","constant_down"
"2739","Sigirr","constant_down"
"2740","Bag4","constant_down"
"2741","Dusp26","constant_down"
"2742","Pdgfrl","constant_down"
"2743","Mtus1","constant_down"
"2744","Tlr3","constant_down"
"2745","Naf1","constant_down"
"2746","Lzts1","constant_down"
"2747","Tmem59l","constant_down"
"2748","Crlf1","constant_down"
"2749","Ifi30","constant_down"
"2750","Slc5a5","constant_down"
"2751","Ccdc194","constant_down"
"2752","Syce2","constant_down"
"2753","Hook2","constant_down"
"2754","Car7","constant_down"
"2755","Elmo3","constant_down"
"2756","Carmil2","constant_down"
"2757","Psmb10","constant_down"
"2758","Cdh3","constant_down"
"2759","Cdh1","constant_down"
"2760","Tmem170","constant_down"
"2761","Cdh13","constant_down"
"2762","Pcnx2","constant_down"
"2763","Map3k21","constant_down"
"2764","Gm46152","constant_down"
"2765","Fat3","constant_down"
"2766","Shfl","constant_down"
"2767","Ap1m2","constant_down"
"2768","Acp5","constant_down"
"2769","Adamts15","constant_down"
"2770","Adamts8","constant_down"
"2771","St14","constant_down"
"2772","Cdon","constant_down"
"2773","Sorl1","constant_down"
"2774","Gm46110","constant_down"
"2775","Usp28","constant_down"
"2776","Zc3h12c","constant_down"
"2777","Scamp5","constant_down"
"2778","Scamp2","constant_down"
"2779","Fem1b","constant_down"
"2780","Dapk2","constant_down"
"2781","Rora","constant_down"
"2782","Tent5a","constant_down"
"2783","Nt5e","constant_down"
"2784","Pik3cb","constant_down"
"2785","Slc38a3","constant_down"
"2786","Als2cl","constant_down"
"2787","Lrrc2","constant_down"
"2788","Cmtm6","constant_down"
"2789","Platr11","constant_down"
"2790","Acaa1b","constant_down"
"2791","Scn5a","constant_down"
"2792","Cdcp1","constant_down"
"2793","Ppp1r14c","constant_down"
"2794","Syne1","constant_down"
"2795","Samd5","constant_down"
"2796","Rab32","constant_down"
"2797","Map7","constant_down"
"2798","Moxd1","constant_down"
"2799","Gm36543","constant_down"
"2800","Tmem200a","constant_down"
"2801","Arhgap18","constant_down"
"2802","Rsph4a","constant_down"
"2803","Slc16a10","constant_down"
"2804","BC048559","constant_down"
"2805","Prdm1","constant_down"
"2806","Pcbd1","constant_down"
"2807","Pald1","constant_down"
"2808","Ank3","constant_down"
"2809","Gstt2","constant_down"
"2810","Derl3","constant_down"
"2811","Chchd10","constant_down"
"2812","Agpat3","constant_down"
"2813","Gng7","constant_down"
"2814","Tle5","constant_down"
"2815","Tle2","constant_down"
"2816","Tle6","constant_down"
"2817","Uqcc6","constant_down"
"2818","Usp44","constant_down"
"2819","Socs2","constant_down"
"2820","Gm33230","constant_down"
"2821","Lrriq1","constant_down"
"2822","4933412E12Rik","constant_down"
"2823","Cpm","constant_down"
"2824","Myl6b","constant_down"
"2825","Ormdl2","constant_down"
"2826","Cabp7","constant_down"
"2827","Igfbp3","constant_down"
"2828","Tns3","constant_down"
"2829","Sanbr","constant_down"
"2830","Bcl11a","constant_down"
"2831","Ccdc85a","constant_down"
"2832","Stc2","constant_down"
"2833","Slit3","constant_down"
"2834","Cyfip2","constant_down"
"2835","D930048N14Rik","constant_down"
"2836","Jade2","constant_down"
"2837","Gm2a","constant_down"
"2838","Igtp","constant_down"
"2839","Cfap52","constant_down"
"2840","Mfsd6l","constant_down"
"2841","Tnk1","constant_down"
"2842","Ybx2","constant_down"
"2843","Alox12","constant_down"
"2844","Alox12e","constant_down"
"2845","Atp2a3","constant_down"
"2846","Ccdc92b","constant_down"
"2847","Smyd4","constant_down"
"2848","Slc43a2","constant_down"
"2849","Rph3al","constant_down"
"2850","Abr","constant_down"
"2851","Nufip2","constant_down"
"2852","Lgals9","constant_down"
"2853","Adap2","constant_down"
"2854","Lpo","constant_down"
"2855","Itga3","constant_down"
"2856","Mllt6","constant_down"
"2857","Krt19","constant_down"
"2858","Ezh1","constant_down"
"2859","Meioc","constant_down"
"2860","Adam11","constant_down"
"2861","Wnt3","constant_down"
"2862","Cyb561","constant_down"
"2863","Helz","constant_down"
"2864","Fads6","constant_down"
"2865","Gm38482","constant_down"
"2866","Syngr2","constant_down"
"2867","Slc25a10","constant_down"
"2868","Slc16a3","constant_down"
"2869","Ubxn2a","constant_down"
"2870","Scin","constant_down"
"2871","L2hgdh","constant_down"
"2872","Tmem30b","constant_down"
"2873","Tex21","constant_down"
"2874","Plekhg3","constant_down"
"2875","Sptb","constant_down"
"2876","Plekhh1","constant_down"
"2877","Vrtn","constant_down"
"2878","Gsc","constant_down"
"2879","Tunar","constant_down"
"2880","Bcl11b","constant_down"
"2881","Meg3","constant_down"
"2882","Rtl1","constant_down"
"2883","Mirg","constant_down"
"2884","Mir3072","constant_down"
"2885","Pld4","constant_down"
"2886","Itgb8","constant_down"
"2887","Macc1","constant_down"
"2888","Nrsn1","constant_down"
"2889","Foxq1","constant_down"
"2890","Rreb1","constant_down"
"2891","Jarid2","constant_down"
"2892","Wnk2","constant_down"
"2893","Shc3","constant_down"
"2894","Sema4d","constant_down"
"2895","Cltb","constant_down"
"2896","Gm7762","constant_down"
"2897","Ube2ql1","constant_down"
"2898","Pcsk1","constant_down"
"2899","Glrx","constant_down"
"2900","F2rl1","constant_down"
"2901","Fam169a","constant_down"
"2902","Naip5","constant_down"
"2903","Naip6","constant_down"
"2904","Ccdc125","constant_down"
"2905","Pde4d","constant_down"
"2906","Ccno","constant_down"
"2907","Fst","constant_down"
"2908","Parp8","constant_down"
"2909","Il17rd","constant_down"
"2910","Erc2","constant_down"
"2911","Arhgap22","constant_down"
"2912","Cdhr1","constant_down"
"2913","Prxl2a","constant_down"
"2914","Lgals3","constant_down"
"2915","Otx2","constant_down"
"2916","Ccnb1ip1","constant_down"
"2917","Slc39a2","constant_down"
"2918","Ndrg2","constant_down"
"2919","Rem2","constant_down"
"2920","Slc7a8","constant_down"
"2921","Psme1","constant_down"
"2922","Psme2","constant_down"
"2923","Spryd7","constant_down"
"2924","Fam167a","constant_down"
"2925","Tdh","constant_down"
"2926","Gm38524","constant_down"
"2927","Nefm","constant_down"
"2928","Nudt18","constant_down"
"2929","Fgf17","constant_down"
"2930","Dok2","constant_down"
"2931","Klf5","constant_down"
"2932","Pou4f1","constant_down"
"2933","Selenop","constant_down"
"2934","Gm2093","constant_down"
"2935","Oxct1","constant_down"
"2936","Ptger4","constant_down"
"2937","Lifr","constant_down"
"2938","Grhl2","constant_down"
"2939","Fzd6","constant_down"
"2940","Cthrc1","constant_down"
"2941","Rims2","constant_down"
"2942","Pkhd1l1","constant_down"
"2943","Sntb1","constant_down"
"2944","9930014A18Rik","constant_down"
"2945","Ndrg1","constant_down"
"2946","Dennd3","constant_down"
"2947","Arc","constant_down"
"2948","Naprt","constant_down"
"2949","Parp10","constant_down"
"2950","Tst","constant_down"
"2951","Gcat","constant_down"
"2952","Pick1","constant_down"
"2953","Apobec3","constant_down"
"2954","Sult4a1","constant_down"
"2955","Celsr1","constant_down"
"2956","Mapk8ip2","constant_down"
"2957","Cpne8","constant_down"
"2958","Kif21a","constant_down"
"2959","Pphln1","constant_down"
"2960","Tmem106c","constant_down"
"2961","Rnd1","constant_down"
"2962","Pou6f1","constant_down"
"2963","Galnt6","constant_down"
"2964","Prr13","constant_down"
"2965","Pkp2","constant_down"
"2966","Gm30693","constant_down"
"2967","Hes1","constant_down"
"2968","Nrros","constant_down"
"2969","Tfrc","constant_down"
"2970","Iqcg","constant_down"
"2971","Parp14","constant_down"
"2972","Dtx3l","constant_down"
"2973","Slc15a2","constant_down"
"2974","Cfap91","constant_down"
"2975","Pla1a","constant_down"
"2976","Plcxd2","constant_down"
"2977","Tmem45a","constant_down"
"2978","Vgll3","constant_down"
"2979","Cyyr1","constant_down"
"2980","Ripk4","constant_down"
"2981","Ezr","constant_down"
"2982","Rps6ka2","constant_down"
"2983","Prr18","constant_down"
"2984","Gm16702","constant_down"
"2985","Gm51425","constant_down"
"2986","Gm5165","constant_down"
"2987","Spaca6","constant_down"
"2988","Tnfrsf12a","constant_down"
"2989","Eci1","constant_down"
"2990","Rab26","constant_down"
"2991","Pgap6","constant_down"
"2992","Rgs11","constant_down"
"2993","Dusp1","constant_down"
"2994","Mapk13","constant_down"
"2995","Slc37a1","constant_down"
"2996","Cbs","constant_down"
"2997","Tapbp","constant_down"
"2998","H2-K1","constant_down"
"2999","Psmb8","constant_down"
"3000","Tap2","constant_down"
"3001","Slc44a4","constant_down"
"3002","H2-D1","constant_down"
"3003","H2-Q4","constant_down"
"3004","H2-Q10","constant_down"
"3005","Pou5f1","constant_down"
"3006","H2-T22","constant_down"
"3007","H2-Bl","constant_down"
"3008","H2-M3","constant_down"
"3009","LOC118568338","constant_down"
"3010","Pla2g7","constant_down"
"3011","Enpp4","constant_down"
"3012","Slc29a1","constant_down"
"3013","Mea1","constant_down"
"3014","AI661453","constant_down"
"3015","Plin5","constant_down"
"3016","Tubb4a","constant_down"
"3017","Gm41609","constant_down"
"3018","Tgif1","constant_down"
"3019","Smchd1","constant_down"
"3020","Gm34801","constant_down"
"3021","Epcam","constant_down"
"3022","Nrxn1","constant_down"
"3023","Fzd8","constant_down"
"3024","Lama3","constant_down"
"3025","Rnf138","constant_down"
"3026","Wnt8a","constant_down"
"3027","Nme5","constant_down"
"3028","Mzb1","constant_down"
"3029","Prob1","constant_down"
"3030","Cxxc5","constant_down"
"3031","Cystm1","constant_down"
"3032","Arhgap26","constant_down"
"3033","Mcc","constant_down"
"3034","Dmxl1","constant_down"
"3035","Iigp1","constant_down"
"3036","Ablim3","constant_down"
"3037","Mapk4","constant_down"
"3038","A330094K24Rik","constant_down"
"3039","Cbln2","constant_down"
"3040","Plaat3","constant_down"
"3041","4930526L06Rik","constant_down"
"3042","Stx3","constant_down"
"3043","Vps13a","constant_down"
"3044","Klf9","constant_down"
"3045","Gldc","constant_down"
"3046","Ide","constant_down"
"3047","Exoc6","constant_down"
"3048","Npm3","constant_down"
"3049","Acsl5","constant_down"
"3050","Casp7","constant_down"
"3051","Ablim1","constant_down"
"3052","Gfra1","constant_down"
"3053","Pim2","constant_down"
"3054","Hdac6","constant_down"
"3055","Bcor","constant_down"
"3056","Med14","constant_down"
"3057","Apln","constant_down"
"3058","Stk26","constant_down"
"3059","Rtl8c","constant_down"
"3060","Rtl8b","constant_down"
"3061","1700013H16Rik","constant_down"
"3062","Zfp185","constant_down"
"3063","Dmd","constant_down"
"3064","Foxo4","constant_down"
"3065","Slc16a2","constant_down"
"3066","Cysltr1","constant_down"
"3067","Klhl4","constant_down"
"3068","Bex4","constant_down"
"3069","Tceal5","constant_down"
"3070","Bex1","constant_down"
"3071","Tceal7","constant_down"
"3072","Gm15295","constant_down"
"3073","Nxt2","constant_down"
"3074","Alg13","constant_down"
"3075","Sat1","constant_down"
"3076","Map7d2","constant_down"
"3077","Map3k15","constant_down"
"3078","Txlng","constant_down"
"3079","Egfl6","constant_down"
